record_id,decision,rule_id,hit_policy,in_scope,archive_fitness,final_best_fitness,first_covered_at_evaluation,claimed_archive,claimed_final,rule_verified_archive,rule_verified_final,rule_verified_union,inputs,outputs
OpenMRS::Concept Locale-Preferred-Name Uniqueness::Decision_ConceptLocalePreferredNameUniqueness_Rule_1,Concept Locale-Preferred-Name Uniqueness,Decision_ConceptLocalePreferredNameUniqueness_Rule_1,FIRST,True,0.0,0.0,1,True,True,True,True,True,"{""__today__"": 20000, ""localePreferredNameCount"": 3}","{""localePreferredNameValid"": false, ""reasonCode"": ""Concept.error.multipleLocalePreferredNames""}"
OpenMRS::Concept Locale-Preferred-Name Uniqueness::Decision_ConceptLocalePreferredNameUniqueness_Rule_2,Concept Locale-Preferred-Name Uniqueness,Decision_ConceptLocalePreferredNameUniqueness_Rule_2,FIRST,True,0.0,0.0,7505,True,True,True,True,True,"{""__today__"": 20000, ""localePreferredNameCount"": 0}","{""localePreferredNameValid"": true, ""reasonCode"": ""none""}"
OpenMRS::Concept Fully-Specified-Name Uniqueness Per Locale::Decision_ConceptFullySpecifiedNameUniquenessPerLocale_Rule_1,Concept Fully-Specified-Name Uniqueness Per Locale,Decision_ConceptFullySpecifiedNameUniquenessPerLocale_Rule_1,FIRST,True,0.0,0.0,3,True,True,True,True,True,"{""__today__"": 20000, ""fullySpecifiedNameCountInLocale"": 3}","{""fullySpecifiedNameValid"": false, ""reasonCode"": ""Concept.error.multipleFullySpecifiedNames""}"
OpenMRS::Concept Fully-Specified-Name Uniqueness Per Locale::Decision_ConceptFullySpecifiedNameUniquenessPerLocale_Rule_2,Concept Fully-Specified-Name Uniqueness Per Locale,Decision_ConceptFullySpecifiedNameUniquenessPerLocale_Rule_2,FIRST,True,0.0,0.0,7947,True,True,True,True,True,"{""__today__"": 20000, ""fullySpecifiedNameCountInLocale"": 0}","{""fullySpecifiedNameValid"": true, ""reasonCode"": ""none""}"
OpenMRS::Concept Short-Name Uniqueness Per Locale::Decision_ConceptShortNameUniquenessPerLocale_Rule_1,Concept Short-Name Uniqueness Per Locale,Decision_ConceptShortNameUniquenessPerLocale_Rule_1,FIRST,True,0.0,0.0,5,True,True,True,True,True,"{""__today__"": 20000, ""shortNameCountInLocale"": 3}","{""reasonCode"": ""Concept.error.multipleShortNames"", ""shortNameValid"": false}"
OpenMRS::Concept Short-Name Uniqueness Per Locale::Decision_ConceptShortNameUniquenessPerLocale_Rule_2,Concept Short-Name Uniqueness Per Locale,Decision_ConceptShortNameUniquenessPerLocale_Rule_2,FIRST,True,0.0,0.0,29037,True,True,True,True,True,"{""__today__"": 20000, ""shortNameCountInLocale"": 0}","{""reasonCode"": ""none"", ""shortNameValid"": true}"
OpenMRS::Concept Fully-Specified-Name Presence Requirement::Decision_ConceptFullySpecifiedNamePresenceRequirement_Rule_1,Concept Fully-Specified-Name Presence Requirement,Decision_ConceptFullySpecifiedNamePresenceRequirement_Rule_1,FIRST,True,0.0,0.0,7,True,True,True,True,True,"{""__today__"": 20000, ""fullySpecifiedNameCount"": 3}","{""fullySpecifiedNamePresent"": true, ""reasonCode"": ""none""}"
OpenMRS::Concept Fully-Specified-Name Presence Requirement::Decision_ConceptFullySpecifiedNamePresenceRequirement_Rule_2,Concept Fully-Specified-Name Presence Requirement,Decision_ConceptFullySpecifiedNamePresenceRequirement_Rule_2,FIRST,True,0.0,0.0,3011,True,True,True,True,True,"{""__today__"": 20000, ""fullySpecifiedNameCount"": 0}","{""fullySpecifiedNamePresent"": false, ""reasonCode"": ""Concept.error.no.FullySpecifiedName""}"
OpenMRS::Obs Value Required By Datatype::Decision_ObsValueRequiredByDatatype_Rule_1,Obs Value Required By Datatype,Decision_ObsValueRequiredByDatatype_Rule_1,UNIQUE,True,0.0,0.0,9,True,True,True,True,True,"{""__today__"": 20000, ""isObsGroup"": true}","{""requiredValueColumn"": ""none (obs group must carry no value column)""}"
OpenMRS::Obs Value Required By Datatype::Decision_ObsValueRequiredByDatatype_Rule_2,Obs Value Required By Datatype,Decision_ObsValueRequiredByDatatype_Rule_2,UNIQUE,True,0.0,0.0,38728,True,True,True,True,True,"{""__today__"": 20000, ""conceptDatatype"": ""Boolean"", ""isObsGroup"": false}","{""requiredValueColumn"": ""value_coded (via true/false concept -- no value_boolean column exists)""}"
OpenMRS::Obs Value Required By Datatype::Decision_ObsValueRequiredByDatatype_Rule_3,Obs Value Required By Datatype,Decision_ObsValueRequiredByDatatype_Rule_3,UNIQUE,True,0.0,0.0,12230,True,True,True,True,True,"{""__today__"": 20000, ""conceptDatatype"": ""Coded"", ""isObsGroup"": false}","{""requiredValueColumn"": ""value_coded""}"
OpenMRS::Obs Value Required By Datatype::Decision_ObsValueRequiredByDatatype_Rule_4,Obs Value Required By Datatype,Decision_ObsValueRequiredByDatatype_Rule_4,UNIQUE,True,0.0,0.0,2630,True,True,True,True,True,"{""__today__"": 20000, ""conceptDatatype"": ""Date"", ""isObsGroup"": false}","{""requiredValueColumn"": ""value_datetime""}"
OpenMRS::Obs Value Required By Datatype::Decision_ObsValueRequiredByDatatype_Rule_5,Obs Value Required By Datatype,Decision_ObsValueRequiredByDatatype_Rule_5,UNIQUE,True,0.0,0.0,48368,True,True,True,True,True,"{""__today__"": 20000, ""conceptDatatype"": ""Numeric"", ""isObsGroup"": false}","{""requiredValueColumn"": ""value_numeric""}"
OpenMRS::Obs Value Required By Datatype::Decision_ObsValueRequiredByDatatype_Rule_6,Obs Value Required By Datatype,Decision_ObsValueRequiredByDatatype_Rule_6,UNIQUE,True,0.0,0.0,33290,True,True,True,True,True,"{""__today__"": 20000, ""conceptDatatype"": ""Text"", ""isObsGroup"": false}","{""requiredValueColumn"": ""value_text""}"
OpenMRS::Numeric Precision Validity::Decision_NumericPrecisionValidity_Rule_1,Numeric Precision Validity,Decision_NumericPrecisionValidity_Rule_1,FIRST,True,0.0,0.0,15,True,True,True,True,True,"{""__today__"": 20000, ""allowDecimal"": 1}","{""precisionValid"": true, ""reasonCode"": ""decimalAllowed""}"
OpenMRS::Numeric Absolute Range Validity::Decision_NumericAbsoluteRangeValidity_Rule_1,Numeric Absolute Range Validity,Decision_NumericAbsoluteRangeValidity_Rule_1,FIRST,True,0.0,0.0,18340,True,True,True,True,True,"{""__today__"": 20000, ""hiAbsolute"": 0, ""hiAbsoluteSet"": true, ""valueNumeric"": 1}","{""absoluteRangeValid"": false, ""reasonCode"": ""error.value.outOfRange.high""}"
OpenMRS::Numeric Absolute Range Validity::Decision_NumericAbsoluteRangeValidity_Rule_2,Numeric Absolute Range Validity,Decision_NumericAbsoluteRangeValidity_Rule_2,FIRST,True,0.0,0.0,38680,True,True,True,True,True,"{""__today__"": 20000, ""hiAbsolute"": 31, ""hiAbsoluteSet"": true, ""lowAbsolute"": 2, ""lowAbsoluteSet"": true, ""valueNumeric"": 1}","{""absoluteRangeValid"": false, ""reasonCode"": ""error.value.outOfRange.low""}"
OpenMRS::Numeric Absolute Range Validity::Decision_NumericAbsoluteRangeValidity_Rule_3,Numeric Absolute Range Validity,Decision_NumericAbsoluteRangeValidity_Rule_3,FIRST,True,0.0,0.0,18,True,True,True,True,True,"{""__today__"": 20000, ""hiAbsolute"": 1, ""hiAbsoluteSet"": true, ""lowAbsolute"": 1, ""lowAbsoluteSet"": true, ""valueNumeric"": 1}","{""absoluteRangeValid"": true, ""reasonCode"": ""withinRange""}"
OpenMRS::Numeric Interpretation Classification::Decision_NumericInterpretationClassification_Rule_1,Numeric Interpretation Classification,Decision_NumericInterpretationClassification_Rule_1,FIRST,True,0.0,0.0,19,True,True,True,True,True,"{""__today__"": 20000, ""hiCritical"": 1, ""valueNumeric"": 1}","{""interpretation"": ""CRITICALLY_HIGH""}"
OpenMRS::Numeric Interpretation Classification::Decision_NumericInterpretationClassification_Rule_2,Numeric Interpretation Classification,Decision_NumericInterpretationClassification_Rule_2,FIRST,True,0.0,0.0,8238,True,True,True,True,True,"{""__today__"": 20000, ""hiCritical"": 2, ""hiNormal"": 0, ""valueNumeric"": 1}","{""interpretation"": ""HIGH""}"
OpenMRS::Numeric Interpretation Classification::Decision_NumericInterpretationClassification_Rule_3,Numeric Interpretation Classification,Decision_NumericInterpretationClassification_Rule_3,FIRST,True,0.0,0.0,2144,True,True,True,True,True,"{""__today__"": 20000, ""hiCritical"": -28, ""hiNormal"": 1, ""lowCritical"": 1, ""valueNumeric"": -30}","{""interpretation"": ""CRITICALLY_LOW""}"
OpenMRS::Numeric Interpretation Classification::Decision_NumericInterpretationClassification_Rule_4,Numeric Interpretation Classification,Decision_NumericInterpretationClassification_Rule_4,FIRST,True,0.0,0.0,27843,True,True,True,True,True,"{""__today__"": 20000, ""hiCritical"": 40, ""hiNormal"": 1, ""lowCritical"": 0, ""lowNormal"": 2, ""valueNumeric"": 1}","{""interpretation"": ""LOW""}"
OpenMRS::Numeric Interpretation Classification::Decision_NumericInterpretationClassification_Rule_5,Numeric Interpretation Classification,Decision_NumericInterpretationClassification_Rule_5,FIRST,True,0.0,0.0,18787,True,True,True,True,True,"{""__today__"": 20000, ""hiCritical"": 2, ""hiNormal"": 1, ""lowCritical"": 0, ""lowNormal"": 1, ""valueNumeric"": 1}","{""interpretation"": ""NORMAL""}"
OpenMRS::Concept Preferred Name Validity::Decision_ConceptPreferredNameValidity_Rule_1,Concept Preferred Name Validity,Decision_ConceptPreferredNameValidity_Rule_1,FIRST,True,0.0,0.0,12353,True,True,True,True,True,"{""__today__"": 20000, ""localePreferred"": false}","{""preferredNameValid"": true, ""reasonCode"": ""notApplicable""}"
OpenMRS::Concept Preferred Name Validity::Decision_ConceptPreferredNameValidity_Rule_2,Concept Preferred Name Validity,Decision_ConceptPreferredNameValidity_Rule_2,FIRST,True,0.0,0.0,7693,True,True,True,True,True,"{""__today__"": 20000, ""isIndexTerm"": true, ""localePreferred"": 1}","{""preferredNameValid"": false, ""reasonCode"": ""Concept.error.preferredName.is.indexTerm""}"
OpenMRS::Concept Preferred Name Validity::Decision_ConceptPreferredNameValidity_Rule_3,Concept Preferred Name Validity,Decision_ConceptPreferredNameValidity_Rule_3,FIRST,True,0.0,0.0,2259,True,True,True,True,True,"{""__today__"": 20000, ""isIndexTerm"": false, ""isShortName"": true, ""localePreferred"": 1}","{""preferredNameValid"": false, ""reasonCode"": ""Concept.error.preferredName.is.shortName""}"
OpenMRS::Concept Preferred Name Validity::Decision_ConceptPreferredNameValidity_Rule_4,Concept Preferred Name Validity,Decision_ConceptPreferredNameValidity_Rule_4,FIRST,True,0.0,0.0,27,True,True,True,True,True,"{""__today__"": 20000, ""isIndexTerm"": false, ""isShortName"": false, ""localePreferred"": 1, ""voided"": 1}","{""preferredNameValid"": false, ""reasonCode"": ""Concept.error.preferredName.is.voided""}"
OpenMRS::Concept Preferred Name Validity::Decision_ConceptPreferredNameValidity_Rule_5,Concept Preferred Name Validity,Decision_ConceptPreferredNameValidity_Rule_5,FIRST,True,0.0,0.0,18517,True,True,True,True,True,"{""__today__"": 20000, ""isIndexTerm"": false, ""isShortName"": false, ""localePreferred"": 1, ""voided"": false}","{""preferredNameValid"": true, ""reasonCode"": ""none""}"
OpenMRS::Order Scheduled Date Urgency Consistency::Decision_OrderScheduledDateUrgencyConsistency_Rule_1,Order Scheduled Date Urgency Consistency,Decision_OrderScheduledDateUrgencyConsistency_Rule_1,UNIQUE,True,0.0,0.0,43580,True,True,True,True,True,"{""__today__"": 20000, ""scheduledDateSet"": true, ""urgency"": ""ON_SCHEDULED_DATE""}","{""reasonCode"": ""none"", ""scheduledDateUrgencyValid"": true}"
OpenMRS::Order Scheduled Date Urgency Consistency::Decision_OrderScheduledDateUrgencyConsistency_Rule_2,Order Scheduled Date Urgency Consistency,Decision_OrderScheduledDateUrgencyConsistency_Rule_2,UNIQUE,True,0.0,0.0,30,True,True,True,True,True,"{""__today__"": 20000, ""scheduledDateSet"": true, ""urgency"": 1}","{""reasonCode"": ""Order.error.urgencyNotOnScheduledDate"", ""scheduledDateUrgencyValid"": false}"
OpenMRS::Order Scheduled Date Urgency Consistency::Decision_OrderScheduledDateUrgencyConsistency_Rule_3,Order Scheduled Date Urgency Consistency,Decision_OrderScheduledDateUrgencyConsistency_Rule_3,UNIQUE,True,0.0,0.0,12910,True,True,True,True,True,"{""__today__"": 20000, ""scheduledDateSet"": false, ""urgency"": ""ON_SCHEDULED_DATE""}","{""reasonCode"": ""Order.error.scheduledDateNullForOnScheduledDateUrgency"", ""scheduledDateUrgencyValid"": false}"
OpenMRS::Order Scheduled Date Urgency Consistency::Decision_OrderScheduledDateUrgencyConsistency_Rule_4,Order Scheduled Date Urgency Consistency,Decision_OrderScheduledDateUrgencyConsistency_Rule_4,UNIQUE,True,0.0,0.0,27688,True,True,True,True,True,"{""__today__"": 20000, ""scheduledDateSet"": false, ""urgency"": 1}","{""reasonCode"": ""none"", ""scheduledDateUrgencyValid"": true}"
OpenMRS::Preferred Identifier Requirement::Decision_PreferredIdentifierRequirement_Rule_1,Preferred Identifier Requirement,Decision_PreferredIdentifierRequirement_Rule_1,FIRST,True,0.0,0.0,33,True,True,True,True,True,"{""__today__"": 20000, ""preferredIdentifierCount"": 3}","{""preferredIdentifierValid"": true, ""reasonCode"": ""preferredChosen""}"
OpenMRS::Preferred Identifier Requirement::Decision_PreferredIdentifierRequirement_Rule_2,Preferred Identifier Requirement,Decision_PreferredIdentifierRequirement_Rule_2,FIRST,True,0.0,0.0,1937,True,True,True,True,True,"{""__today__"": 20000, ""identifierCount"": 1, ""preferredIdentifierCount"": 0}","{""preferredIdentifierValid"": true, ""reasonCode"": ""singleIdentifierExempt""}"
OpenMRS::Preferred Identifier Requirement::Decision_PreferredIdentifierRequirement_Rule_3,Preferred Identifier Requirement,Decision_PreferredIdentifierRequirement_Rule_3,FIRST,True,0.0,0.0,2048,True,True,True,True,True,"{""__today__"": 20000, ""identifierCount"": 3, ""preferredIdentifierCount"": 0}","{""preferredIdentifierValid"": false, ""reasonCode"": ""error.preferredIdentifier""}"
OpenMRS::Identifier Location Requirement::Decision_IdentifierLocationRequirement_Rule_1,Identifier Location Requirement,Decision_IdentifierLocationRequirement_Rule_1,FIRST,True,0.0,0.0,36,True,True,True,True,True,"{""__today__"": 20000, ""locationSet"": true}","{""locationRequirementValid"": true, ""reasonCode"": ""locationProvided""}"
OpenMRS::Identifier Location Requirement::Decision_IdentifierLocationRequirement_Rule_2,Identifier Location Requirement,Decision_IdentifierLocationRequirement_Rule_2,FIRST,True,0.0,0.0,22481,True,True,True,True,True,"{""__today__"": 20000, ""locationBehavior"": ""REQUIRED"", ""locationSet"": false}","{""locationRequirementValid"": false, ""reasonCode"": ""PatientIdentifier.location.null""}"
OpenMRS::Identifier Location Requirement::Decision_IdentifierLocationRequirement_Rule_3,Identifier Location Requirement,Decision_IdentifierLocationRequirement_Rule_3,FIRST,True,0.0,0.0,59237,True,True,True,True,True,"{""__today__"": 20000, ""locationBehavior"": ""NOT_USED"", ""locationSet"": false}","{""locationRequirementValid"": true, ""reasonCode"": ""locationNotRequired""}"
OpenMRS::Identifier Uniqueness Check::Decision_IdentifierUniquenessCheck_Rule_1,Identifier Uniqueness Check,Decision_IdentifierUniquenessCheck_Rule_1,FIRST,True,0.0,0.0,17758,True,True,True,True,True,"{""__today__"": 20000, ""uniquenessBehavior"": ""NON_UNIQUE""}","{""identifierUniquenessValid"": true, ""reasonCode"": ""nonUniqueTypeExempt""}"
OpenMRS::Identifier Uniqueness Check::Decision_IdentifierUniquenessCheck_Rule_2,Identifier Uniqueness Check,Decision_IdentifierUniquenessCheck_Rule_2,FIRST,True,0.5,0.5,,False,False,False,False,False,"{""__today__"": 20000, ""inUseByAnotherPatient"": false, ""uniquenessBehavior"": 1}","{""identifierUniquenessValid"": false, ""reasonCode"": ""IdentifierNotUniqueException""}"
OpenMRS::Identifier Uniqueness Check::Decision_IdentifierUniquenessCheck_Rule_3,Identifier Uniqueness Check,Decision_IdentifierUniquenessCheck_Rule_3,FIRST,True,0.0,0.0,41,True,True,True,True,True,"{""__today__"": 20000, ""duplicateWithinSamePatient"": true, ""inUseByAnotherPatient"": false, ""uniquenessBehavior"": 1}","{""identifierUniquenessValid"": false, ""reasonCode"": ""DuplicateIdentifierException""}"
OpenMRS::Identifier Format Validity::Decision_IdentifierFormatAndCheckDigitValidity_Rule_1,Identifier Format Validity,Decision_IdentifierFormatAndCheckDigitValidity_Rule_1,FIRST,True,0.5,0.5,,False,False,False,False,False,"{""__today__"": 20000, ""identifierBlank"": false}","{""identifierFormatValid"": false, ""reasonCode"": ""PatientIdentifier.error.nullOrBlank""}"
OpenMRS::Identifier Format Validity::Decision_IdentifierFormatAndCheckDigitValidity_Rule_2,Identifier Format Validity,Decision_IdentifierFormatAndCheckDigitValidity_Rule_2,FIRST,True,0.0,0.0,7491,True,True,True,True,True,"{""__today__"": 20000, ""formatSet"": true, ""identifierBlank"": false, ""identifierMatchesFormat"": false}","{""identifierFormatValid"": false, ""reasonCode"": ""InvalidIdentifierFormatException""}"
OpenMRS::Identifier Format Validity::Decision_IdentifierFormatAndCheckDigitValidity_Rule_3,Identifier Format Validity,Decision_IdentifierFormatAndCheckDigitValidity_Rule_3,FIRST,True,0.0,0.0,44,True,True,True,True,True,"{""__today__"": 20000, ""formatSet"": true, ""identifierBlank"": false, ""identifierMatchesFormat"": true}","{""identifierFormatValid"": true, ""reasonCode"": ""none""}"
OpenMRS::Identifier Format Validity::Decision_IdentifierFormatAndCheckDigitValidity_Rule_4,Identifier Format Validity,Decision_IdentifierFormatAndCheckDigitValidity_Rule_4,FIRST,True,0.0,0.0,13804,True,True,True,True,True,"{""__today__"": 20000, ""formatSet"": false, ""identifierBlank"": false, ""identifierMatchesFormat"": false}","{""identifierFormatValid"": true, ""reasonCode"": ""none""}"
OpenMRS::Birthdate Validity::Decision_BirthdateValidity_Rule_1,Birthdate Validity,Decision_BirthdateValidity_Rule_1,FIRST,True,0.0,0.0,7659,True,True,True,True,True,"{""__today__"": 20000, ""birthdate"": 67108864, ""evaluationTime"": 45000001}","{""birthdateValid"": false, ""reasonCode"": ""birthdate.future""}"
OpenMRS::Death Record Consistency::Decision_DeathRecordConsistency_Rule_1,Death Record Consistency,Decision_DeathRecordConsistency_Rule_1,FIRST,True,0.0,0.0,8485,True,True,True,True,True,"{""__today__"": 20000, ""dead"": false}","{""deathRecordValid"": true, ""reasonCode"": ""notApplicable""}"
OpenMRS::Death Record Consistency::Decision_DeathRecordConsistency_Rule_2,Death Record Consistency,Decision_DeathRecordConsistency_Rule_2,FIRST,True,0.0,0.0,48,True,True,True,True,True,"{""__today__"": 20000, ""causeOfDeathNonCodedSet"": true, ""causeOfDeathSet"": true, ""dead"": 1}","{""deathRecordValid"": false, ""reasonCode"": ""Person.dead.shouldHaveOnlyOneCauseOfDeathOrCauseOfDeathNonCodedSet""}"
OpenMRS::Death Record Consistency::Decision_DeathRecordConsistency_Rule_3,Death Record Consistency,Decision_DeathRecordConsistency_Rule_3,FIRST,True,0.0,0.0,18758,True,True,True,True,True,"{""__today__"": 20000, ""causeOfDeathNonCodedSet"": false, ""causeOfDeathSet"": false, ""dead"": 1}","{""deathRecordValid"": false, ""reasonCode"": ""Person.dead.causeOfDeathAndCauseOfDeathNonCodedNull""}"
OpenMRS::Death Record Consistency::Decision_DeathRecordConsistency_Rule_4,Death Record Consistency,Decision_DeathRecordConsistency_Rule_4,FIRST,True,0.0,0.0,38988,True,True,True,True,True,"{""__today__"": 20000, ""causeOfDeathNonCodedSet"": false, ""causeOfDeathSet"": true, ""dead"": 1}","{""deathRecordValid"": true, ""reasonCode"": ""codedCauseOnly""}"
OpenMRS::Death Record Consistency::Decision_DeathRecordConsistency_Rule_5,Death Record Consistency,Decision_DeathRecordConsistency_Rule_5,FIRST,True,0.0,0.0,27652,True,True,True,True,True,"{""__today__"": 20000, ""causeOfDeathNonCodedSet"": true, ""causeOfDeathSet"": false, ""dead"": 1}","{""deathRecordValid"": true, ""reasonCode"": ""nonCodedCauseOnly""}"
OpenMRS::Patient State Date Validity::Decision_PatientStateDateValidity_Rule_1,Patient State Date Validity,Decision_PatientStateDateValidity_Rule_1,FIRST,True,0.0,0.0,44208,True,True,True,True,True,"{""__today__"": 20000, ""endDate"": 0, ""endDateSet"": true, ""startDate"": 1, ""startDateSet"": true}","{""patientStateDatesValid"": false, ""reasonCode"": ""PatientState.error.endDateCannotBeBeforeStartDate""}"
OpenMRS::Patient State Date Validity::Decision_PatientStateDateValidity_Rule_2,Patient State Date Validity,Decision_PatientStateDateValidity_Rule_2,FIRST,True,0.0,0.0,13042,True,True,True,True,True,"{""__today__"": 20000, ""endDate"": 1, ""endDateSet"": true, ""startDate"": null, ""startDateSet"": false}","{""patientStateDatesValid"": false, ""reasonCode"": ""PatientState.error.endDateCannotBeBeforeStartDate""}"
OpenMRS::Patient State Date Validity::Decision_PatientStateDateValidity_Rule_3,Patient State Date Validity,Decision_PatientStateDateValidity_Rule_3,FIRST,True,0.0,0.0,54,True,True,True,True,True,"{""__today__"": 20000, ""endDate"": 1, ""endDateSet"": true, ""startDate"": 1, ""startDateSet"": true}","{""patientStateDatesValid"": true, ""reasonCode"": ""closedStateValid""}"
OpenMRS::Patient State Date Validity::Decision_PatientStateDateValidity_Rule_4,Patient State Date Validity,Decision_PatientStateDateValidity_Rule_4,FIRST,True,0.0,0.0,8603,True,True,True,True,True,"{""__today__"": 20000, ""endDate"": null, ""endDateSet"": false, ""startDate"": 1, ""startDateSet"": true}","{""patientStateDatesValid"": true, ""reasonCode"": ""openEndedState""}"
