rule_id,verified,num_individuals_verifying,first_individual
Decision_AcademicWarningStatus_Rule_1,True,30,70
Decision_AcademicWarningStatus_Rule_2,True,30,70
Decision_AcademicWarningStatus_Rule_3,True,30,70
Decision_AcademicWarningStatus_Rule_4,True,30,70
Decision_AcademicWarningStatus_Rule_5,True,30,70
Decision_AcademicWarningStatus_Rule_6,True,30,70
Decision_AttendanceEligibility_Rule_1,False,0,
Decision_AttendanceEligibility_Rule_2,True,30,70
Decision_CourseLoadLimit_Rule_1,True,30,70
Decision_CourseLoadLimit_Rule_2,True,30,70
Decision_CourseLoadLimit_Rule_3,True,27,70
Decision_CourseLoadLimit_Rule_4,True,30,70
Decision_CourseRegistrationEligibility_Rule_1,True,30,70
Decision_CourseRegistrationEligibility_Rule_2,True,28,70
Decision_CourseRegistrationEligibility_Rule_3,True,30,70
Decision_CourseRegistrationEligibility_Rule_4,True,30,70
Decision_CourseReplacementEligibility_Rule_1,True,30,70
Decision_CourseReplacementEligibility_Rule_2,True,30,70
Decision_CourseReplacementEligibility_Rule_3,True,26,70
Decision_CourseReplacementEligibility_Rule_4,True,20,70
Decision_CourseReplacementEligibility_Rule_5,True,2,73
Decision_CourseReplacementEligibility_Rule_6,True,30,70
Decision_CreditTransferExemption_Rule_1,False,0,
Decision_CreditTransferExemption_Rule_2,True,30,70
Decision_CreditTransferExemption_Rule_3,True,30,70
Decision_GradePointsAndInterpretation_Rule_1,True,30,70
Decision_GradePointsAndInterpretation_Rule_10,True,30,70
Decision_GradePointsAndInterpretation_Rule_11,True,30,70
Decision_GradePointsAndInterpretation_Rule_12,True,30,70
Decision_GradePointsAndInterpretation_Rule_13,True,5,75
Decision_GradePointsAndInterpretation_Rule_14,True,5,73
Decision_GradePointsAndInterpretation_Rule_15,True,1,71
Decision_GradePointsAndInterpretation_Rule_2,True,30,70
Decision_GradePointsAndInterpretation_Rule_3,True,26,70
Decision_GradePointsAndInterpretation_Rule_4,True,26,70
Decision_GradePointsAndInterpretation_Rule_5,True,17,70
Decision_GradePointsAndInterpretation_Rule_6,True,18,71
Decision_GradePointsAndInterpretation_Rule_7,True,10,71
Decision_GradePointsAndInterpretation_Rule_8,True,17,72
Decision_GradePointsAndInterpretation_Rule_9,True,30,70
Decision_GraduationEligibility_Rule_1,True,30,70
Decision_GraduationEligibility_Rule_2,True,30,70
Decision_GraduationEligibility_Rule_3,True,30,70
Decision_GraduationEligibility_Rule_4,True,2,77
Decision_GraduationEligibility_Rule_5,True,2,93
Decision_SummerSemesterRegistration_Rule_1,True,30,70
Decision_SummerSemesterRegistration_Rule_2,False,0,
Decision_SummerSemesterRegistration_Rule_3,True,20,74
Decision_SummerSemesterRegistration_Rule_4,True,30,70
Decision_SummerSemesterRegistration_Rule_5,False,0,
