evaluations,record_id
5,Spree::First-Order Promotion Eligibility::Decision_FirstOrderPromotionEligibility_rule_2
8,Spree::One-Use-Per-User Promotion Eligibility::Decision_OneUsePerUserEligibility_rule_2
11,Spree::Promotion Temporal Availability::Decision_PromotionTemporalAvailability_rule_2
15,Spree::Promotion Usage Limit Exceeded::Decision_PromotionUsageLimitExceeded_rule_3
19,Spree::Promotion Tiered Percent Discount Selection::Decision_PromotionTieredPercentSelection_rule_3
22,Spree::Price List Volume Adjustment Tier Selection::Decision_PriceListAdjustmentTierSelection_rule_3
901,Spree::Promotion Usage Limit Exceeded::Decision_PromotionUsageLimitExceeded_rule_1
920,Spree::Promotion Temporal Availability::Decision_PromotionTemporalAvailability_rule_1
933,Spree::Promotion Customer Group Eligibility::Decision_PromotionCustomerGroupEligibility_rule_1
1012,Spree::Promotion Usage Limit Exceeded::Decision_PromotionUsageLimitExceeded_rule_2
1129,Spree::Price List Volume Adjustment Tier Selection::Decision_PriceListAdjustmentTierSelection_rule_2
1136,Spree::First-Order Promotion Eligibility::Decision_FirstOrderPromotionEligibility_rule_3
1396,Spree::Promotion Customer Group Eligibility::Decision_PromotionCustomerGroupEligibility_rule_2
1428,Spree::Promotion Temporal Availability::Decision_PromotionTemporalAvailability_rule_3
2978,Spree::Promotion Tiered Percent Discount Selection::Decision_PromotionTieredPercentSelection_rule_1
2992,Spree::One-Use-Per-User Promotion Eligibility::Decision_OneUsePerUserEligibility_rule_3
3320,Spree::One-Use-Per-User Promotion Eligibility::Decision_OneUsePerUserEligibility_rule_1
3383,Spree::First-Order Promotion Eligibility::Decision_FirstOrderPromotionEligibility_rule_1
5148,Spree::Promotion Tiered Percent Discount Selection::Decision_PromotionTieredPercentSelection_rule_2
5480,Spree::Price List Volume Adjustment Tier Selection::Decision_PriceListAdjustmentTierSelection_rule_1
5674,Spree::Promotion Usage Limit Exceeded::Decision_PromotionUsageLimitExceeded_rule_4
