decision,variable,mapping_type,schema_location,note
Promotion Item Total Eligibility,itemTotal,direct,spree_orders.item_total,
Effective Minimum Amount Threshold,operatorMin,serialized-field,spree_promotion_rules.preferences[operator_min='>'],"[CONFIRMED 2026-09-24 -- Spree's real source cloned and read directly (core/app/models/spree/promotion/rules/item_total.rb: preference :operator_min, :string, default: '>'; core/lib/spree/core/preferences/preferable.rb: serialize :preferences, type: Hash, coder: YAML), not a guess. Supersedes the earlier SCHEMA GAP call, which predates this confirmation and was written before validation_oracle/db_resolver.py's own serialized_field mechanism existed to read it. See generator/materialize.py's serialize_yaml_hash_blob for the write-side convention this relies on."
Effective Minimum Amount Threshold,amountMin,serialized-field,spree_promotion_rules.preferences[amount_min=100.0],"[CONFIRMED 2026-09-24 against Spree's real source directly -- preference :amount_min, :decimal, default: 100.00, item_total.rb -- not a guess.] Same serialized_field mechanism as operatorMin; see that row's own note."
Effective Minimum Amount Threshold,effectiveMinThreshold,not-persisted,n/a,"formula output; resolves operatorMin into one concrete number (amountMin, or amountMin+0.01 if strict)"
Promotion Item Total Eligibility,amountMaxSet,serialized-field,spree_promotion_rules.preferences[amount_max],"[CONFIRMED 2026-09-24, corrects the earlier note's mistaken premise -- the actual real source (item_total.rb) declares preference :amount_max, :decimal, default: nil, nullable: true, NOT a hard non-null default as previously assumed; amount_min/operator_min/operator_max do have non-null defaults, but amount_max specifically does not. This makes amountMaxSet a genuine, checkable existence check (null check on this key, no default substituted) after all.] Existence check on the amount_max key -- see operatorMin's own row for the confirmed serialization mechanism."
Effective Maximum Amount Threshold,operatorMax,serialized-field,spree_promotion_rules.preferences[operator_max='<'],"[CONFIRMED 2026-09-24 against Spree's real source directly -- preference :operator_max, :string, default: '<', item_total.rb -- not a guess.] Same serialized_field mechanism as operatorMin; see that row's own note."
Effective Maximum Amount Threshold,amountMax,serialized-field,spree_promotion_rules.preferences[amount_max],"[CONFIRMED 2026-09-24, corrects the earlier note's wrong default -- the real source (item_total.rb) declares preference :amount_max, :decimal, default: nil, nullable: true, NOT 1000.00 as previously guessed. No default given here (deliberately -- matches the real nil default exactly: an unconfigured amount_max resolves to None, same as Spree's own preferred_amount_max would)."
Effective Maximum Amount Threshold,effectiveMaxThreshold,not-persisted,n/a,"formula output; resolves operatorMax into one concrete number (amountMax, or amountMax-0.01 if strict)"
Promotion Item Total Eligibility,itemTotalEligible,not-persisted,n/a,"write-back target is a runtime eligibility_errors check, not a column; realized indirectly via whether a spree_discounts row is created. Redesigned twice 2026-09-10: round 1 moved operators upstream; round 2 switched to UNIQUE hit policy with a FEEL range literal, validated exhaustive/non-overlapping by in-session brute-force sweep"
Promotion Temporal Availability,evaluationTime,not-persisted,n/a,scenario/runtime parameter (Time.current at evaluation), not a stored column
Promotion Temporal Availability,startsAt,direct,spree_promotions.starts_at,
Promotion Temporal Availability,expiresAtSet,derived,spree_promotions.expires_at,existence check (IS NOT NULL)
Promotion Temporal Availability,expiresAt,direct,spree_promotions.expires_at,
Promotion Temporal Availability,availabilityStatus,not-persisted,n/a,computed at call time, not stored as an enum column
Promotion Usage Limit Exceeded,usageLimitSet,derived,spree_promotions.usage_limit,existence check (IS NOT NULL)
Promotion Usage Limit Exceeded,usageLimit,direct,spree_promotions.usage_limit,
Promotion Usage Limit Exceeded,adjustedCreditsCount,derived-aggregate,COUNT(spree_discounts) WHERE promotion_action_id IN (SELECT id FROM spree_promotion_actions WHERE promotion_id = self) AND 1=1,"[ASSUMED -- no source documentation for the exact de-duplication mechanism; researcher interpretation for evaluation-coverage purposes, not verified against the real Spree system, 2026-09-24] Counts spree_discounts rows whose promotion_action_id belongs to any action of this promotion (self = this row's own id). Does NOT implement the sibling_order_ids same-order-group de-duplication the original note described -- a real, disclosed simplification (a plain count, not a guess at the full mechanism, which needs application-level knowledge not available here). Trailing AND 1=1 is a harmless tautology working around compile_constraints.py's own filter_text extraction, which trims a trailing close-paren/space run -- without it, the subquery's own closing paren would be stripped."
Promotion Usage Limit Exceeded,usageLimitExceeded,not-persisted,n/a,runtime boolean, not stored
Customer Group Match Count,customerGroupIds,derived-aggregate,spree_customer_group_users.customer_group_id (WHERE user_id = :user_id),"join; corrected 2026-09-13 -- the real spree_schema.rb has no customer_id column on spree_customer_group_users or spree_orders, and no such rename migration exists in this repo; the real column is user_id"
Customer Group Match Count,promotionTargetGroupIds,SCHEMA GAP (partial),spree_promotion_rules.preferences,"CustomerGroup rule's customer_group_ids array lives in the serialized preferences blob, not a dedicated join table. Confirmed 2026-09-11: likely preference key customer_group_ids (an array of spree_customer_groups.id values -- that table and spree_customer_group_users, which record actual customer<->group membership, are real, normalized tables in this schema; only the promotion rule's own list of TARGETED group ids is still blob-serialized, not the groups themselves). Less certain than the amount/operator keys above -- current Spree source names the accessor preferred_customer_group_ids, which may reflect a newer version than this schema snapshot; not verified against a real row."
Customer Group Match Count,matchingCustomerGroupCount,not-persisted,n/a,formula output
Promotion Customer Group Eligibility,customerIdPresent,derived,spree_orders.user_id,existence check (IS NOT NULL); corrected 2026-09-13 -- real column is user_id, not customer_id (no such rename exists)
Promotion Customer Group Eligibility,promotionTargetGroupsConfigured,derived,"spree_promotion_rules(promotion_id, type='Spree::Promotion::Rules::CustomerGroup')","[ASSUMED -- confident on the correlation (Rails STI type discriminator, a real column, not blob content), disclosed only because ""the promotion"" itself isn't an explicit DMN input anywhere in this decision or its upstream chain -- see supplementary_fk_edges.py for how it's identified via spree_order_promotions, 2026-09-24] Re-expressed as existence of a spree_promotion_rules row of the CustomerGroup rule type for this promotion -- a real, typed, non-blob check, corrected from the earlier SCHEMA GAP call which wrongly treated this as requiring the same undecoded preferences blob promotionTargetGroupIds needs. Does NOT need promotionTargetGroupIds's own blob content at all, only whether a rule of this type exists."
Promotion Customer Group Eligibility,matchingCustomerGroupCount,derived-aggregate,(upstream decision output),substituted from Customer Group Match Count per DRD edge
Promotion Customer Group Eligibility,customerGroupEligible,not-persisted,n/a,runtime boolean
Prior Completed Order Count,customerOrEmail,derived,spree_orders.user_id / spree_orders.email,join key; corrected 2026-09-13 -- real column is user_id, not customer_id
Prior Completed Order Count,priorCompletedOrderCount,not-persisted,n/a,formula output (COUNT over spree_orders)
First-Order Promotion Eligibility,userOrEmailPresent,derived,spree_orders.user_id / spree_orders.email,existence check (either populated); corrected 2026-09-13 -- real column is user_id, not customer_id
First-Order Promotion Eligibility,priorCompletedOrderCount,derived-aggregate,(upstream decision output),substituted from Prior Completed Order Count per DRD edge
First-Order Promotion Eligibility,firstOrderEligible,not-persisted,n/a,runtime boolean
One-Use-Per-User Promotion Eligibility,customerPresent,derived,spree_orders.user_id,existence check (IS NOT NULL); corrected 2026-09-13 -- real column is user_id, not customer_id
One-Use-Per-User Promotion Eligibility,priorPromotionUsageCount,derived-aggregate,spree_discounts (joined via spree_promotion_actions.promotion_id and spree_orders.user_id),"COUNT of prior spree_discounts rows for this promotion attributable to this customer's completed orders, per used_by?(); corrected 2026-09-13 -- real column is user_id, not customer_id"
One-Use-Per-User Promotion Eligibility,oneUsePerUserEligible,not-persisted,n/a,runtime boolean
Promotion Tiered Percent Discount Selection,orderAmount,derived,spree_orders.item_total,the object.amount the calculator is invoked against; exact object varies by promotion action type
Promotion Tiered Percent Discount Selection,basePercent,SCHEMA GAP (partial),spree_calculators.preferences,"Calculator preferences (base_percent/tiers hash) live in the polymorphic spree_calculators table's own preferences blob. Confirmed 2026-09-11 against Spree::Calculator::TieredPercent's own source: real preference keys are base_percent (decimal) and tiers (hash, order-total-threshold -> percent), discriminated by type='Spree::Calculator::TieredPercent' and calculable_type/calculable_id pointing at the owning promotion action. Same extraction caveat as the promotion-rule blob facts above -- no real sample row available."
Promotion Tiered Percent Discount Selection,discountPercent,derived,spree_discounts.value / spree_discounts.amount,write-back target once the computed discount is materialized as a spree_discounts row
Price List Volume Adjustment Tier Selection,purchaseQuantity,direct,spree_line_items.quantity,"corrected 2026-09-24 -- originally mapped not-persisted as a hypothetical scenario parameter, but this is a genuine, persisted fact: a line item's own quantity column IS ""the quantity being priced""; no reason to treat it as scenario-only. Confident, non-[ASSUMED] correction (a real, well-established Spree domain column), not a disclosed guess."
Price List Volume Adjustment Tier Selection,adjustmentPercentage,direct,spree_price_adjustment_tiers.percentage,genuine dedicated column -- a rare direct hit in this case study
Price List Volume Adjustment Tier Selection,priceListBasePercentage,direct,spree_price_lists.price_adjustment_percentage,fallback base rate when no tier band matches
Price Adjustment Tier Validity Violations,minQuantity,direct,spree_price_adjustment_tiers.min_quantity,genuine dedicated column
Price Adjustment Tier Validity Violations,percentage,direct,spree_price_adjustment_tiers.percentage,genuine dedicated column
Price Adjustment Tier Validity Violations,siblingTierCount,derived-aggregate,spree_price_adjustment_tiers (COUNT WHERE price_list_id = :price_list_id AND id != self),count of other tiers on the same price list; cap is a fixed source constant (10), not schema-enforced
Price Adjustment Tier Validity Violations,invalidReason,not-persisted,n/a,"COLLECT hit policy (redesigned 2026-09-10): each matching row contributes one reason to a list, so multiple simultaneous violations (e.g. minQuantity<=1 AND percentage=0 at once) are all reported, matching real ActiveRecord validation behavior which accumulates all errors rather than stopping at the first"
Price Adjustment Tier Validity,tierValid,not-persisted,n/a,"redesigned 2026-09-10: now a separate literal-expression decision (count(invalidReasons) = 0) downstream of the COLLECT violations table, rather than a column on the same table"
