case_study,dmn_file,decision_name,io,variable_name,feel_type,predicted_table,predicted_column,confidence,predicted_mapping_type,top3_candidates,notes
FLEX2,Academic_Standing.dmn,Academic Warning Status,input,cumulativeGPA,number,,,0.225,"likely derived (auto, low confidence -- needs review)",FMSPONSORSHIP.MINSGPA (0.23); FMSTUDENTSPONSORSHIP.MINSGPA (0.23); FB_QUESTIONS.ISACTIVE (0.21),"auto-generated, unreviewed"
FLEX2,Academic_Standing.dmn,Academic Warning Status,input,priorWarningCount,number,,,0.446,"likely derived (auto, low confidence -- needs review)",STUDENT_PROGRAM.WARNING (0.45); STUDENT_SEMESTER.WARNING (0.45); STUDENT_REMARKS_HISTORY.PRIORITY (0.25),"auto-generated, unreviewed"
FLEX2,Academic_Standing.dmn,Academic Warning Status,output,newWarningCount,number,,,,"not-persisted (output/control-flow, default)",STUDENT_PROGRAM.WARNING (0.47); STUDENT_SEMESTER.WARNING (0.47); CNIC_LOG.NEW_RELATION (0.30),auto-generated
FLEX2,Academic_Standing.dmn,Academic Warning Status,output,admissionStatus,string,,,,"not-persisted (output/control-flow, default)",FMEXECUTIVEREPORTDATA.STATUS (0.53); FMSEMFEE_20190114.STATUS (0.53); FMSEMFEE_20190129.STATUS (0.53),auto-generated
FLEX2,Academic_Standing.dmn,Academic Warning Status,output,warningAction,string,,,,"not-persisted (output/control-flow, default)",REGISTRATIONLOG.ACTION (0.56); REGISTRATIONLOG_20190122.ACTION (0.56); REGISTRATIONLOG_TEMP.ACTION (0.56),auto-generated
FLEX2,Academic_Standing.dmn,Course Load Limit,input,semesterType,string,NUMEN_EMPLOYEEDETAIL,SEMESTER,0.635,"direct (auto, confident)",NUMEN_EMPLOYEEDETAIL.SEMESTER (0.64); FMSEMFEE_20190114.TYPE (0.55); FMSEMFEE_20190129.TYPE (0.55),auto-generated
FLEX2,Academic_Standing.dmn,Course Load Limit,input,newWarningCount,number,STUDENT_PROGRAM,WARNING,0.47,"derived (auto, needs formula review)",STUDENT_PROGRAM.WARNING (0.47); STUDENT_SEMESTER.WARNING (0.47); CNIC_LOG.NEW_RELATION (0.30),auto-generated
FLEX2,Academic_Standing.dmn,Course Load Limit,output,maxCoursesAllowed,number,,,,"not-persisted (output/control-flow, default)",FMEXECUTIVEREPORTDATA.COURSES (0.45); FMSEMFEE_20190114.COURSES (0.45); FMSEMFEE_20190129.COURSES (0.45),auto-generated
FLEX2,Academic_Standing.dmn,Course Load Limit,output,courseLoadBasis,string,,,,"not-persisted (output/control-flow, default)",NUMEN_EMPLOYEEDETAIL.COURSE (0.44); TT_STD_REGISTRATION.COURSE_CODE (0.41); TT_STD_REGISTRATION.COURSE_TITLE (0.37),auto-generated
FLEX2,Academic_Standing.dmn,Admission Closure Eligibility,input,newWarningCount,number,STUDENT_PROGRAM,WARNING,0.47,"derived (auto, needs formula review)",STUDENT_PROGRAM.WARNING (0.47); STUDENT_SEMESTER.WARNING (0.47); CNIC_LOG.NEW_RELATION (0.30),auto-generated
FLEX2,Academic_Standing.dmn,Admission Closure Eligibility,input,maxDurationExceeded,boolean,,,0.201,needs review (no confident match),PROGRAM.MAX_DURATION_YEAR (0.20); ORA_ASPNET_APPLICATIONS.APPLICATIONID (0.17); ORA_ASPNET_MEMBERSHIP.APPLICATIONID (0.17),"auto-generated, unreviewed"
FLEX2,Academic_Standing.dmn,Admission Closure Eligibility,input,suspendedRegistrationNotRestored,boolean,,,0.175,needs review (no confident match),ORA_ASPNET_SESSIONS.SESSIONITEMSHORT (0.18); ORA_ASPNET_APPLICATIONS.APPLICATIONID (0.14); ORA_ASPNET_MEMBERSHIP.APPLICATIONID (0.14),"auto-generated, unreviewed"
FLEX2,Academic_Standing.dmn,Admission Closure Eligibility,input,newAdmissionEligibilityNotMet,boolean,,,0.17,needs review (no confident match),ORA_ASPNET_SESSIONS.SESSIONITEMSHORT (0.17); ORA_ASPNET_SESSIONS.SESSIONITEMLONG (0.16); DOCUMENT_VERIFICATION.ADMISSION_TYPE (0.12),"auto-generated, unreviewed"
FLEX2,Academic_Standing.dmn,Admission Closure Eligibility,output,admissionStatus,string,,,,"not-persisted (output/control-flow, default)",FMEXECUTIVEREPORTDATA.STATUS (0.53); FMSEMFEE_20190114.STATUS (0.53); FMSEMFEE_20190129.STATUS (0.53),auto-generated
FLEX2,Academic_Standing.dmn,Admission Closure Eligibility,output,closureReason,string,,,,"not-persisted (output/control-flow, default)",PHD_STUDENT_SUPERVISOR.REASON (0.56); PHD_STUDENT_SUPERVISOR_LOG.REASON (0.56); PHD_CLOSURE_ADMISSION_DETAIL.REASONS (0.32),auto-generated
FLEX2,Academic_Standing.dmn,Course Registration Eligibility,input,allPrerequisitesPassed,boolean,,,0.153,"likely derived (auto, low confidence -- needs review)",ORA_ASPNET_PROFILE.PROPERTYNAMES (0.15); COURSE_COREQUISITE.COREQUISITE_COURSE (0.14); ORA_ASPNET_SESSIONS.SESSIONITEMSHORT (0.12),"auto-generated, unreviewed"
FLEX2,Academic_Standing.dmn,Course Registration Eligibility,input,newWarningCount,number,STUDENT_PROGRAM,WARNING,0.47,"derived (auto, needs formula review)",STUDENT_PROGRAM.WARNING (0.47); STUDENT_SEMESTER.WARNING (0.47); CNIC_LOG.NEW_RELATION (0.30),auto-generated
FLEX2,Academic_Standing.dmn,Course Registration Eligibility,input,isMandatoryReregistration,boolean,,,0.153,needs review (no confident match),ORA_ASPNET_PROFILE.PROPERTYVALUESSTRING (0.15); COURSE_REGISTRATION.IS_REPLACED (0.14); COURSE_REGISTRATION_T.IS_REPLACED (0.14),"auto-generated, unreviewed"
FLEX2,Academic_Standing.dmn,Course Registration Eligibility,input,projectedTotalCoursesThisRegistration,number,,,0.273,"likely derived (auto, low confidence -- needs review)",COURSE_EVALUATION.TOTAL_MARKS (0.27); STUDENT_QUALIFICATION.TOTAL_SCORE (0.26); FMEXECUTIVEREPORTDATA.COURSES (0.25),"auto-generated, unreviewed"
FLEX2,Academic_Standing.dmn,Course Registration Eligibility,input,maxCoursesAllowed,number,,,0.446,needs review (no confident match),FMEXECUTIVEREPORTDATA.COURSES (0.45); FMSEMFEE_20190114.COURSES (0.45); FMSEMFEE_20190129.COURSES (0.45),"auto-generated, unreviewed"
FLEX2,Academic_Standing.dmn,Course Registration Eligibility,output,canRegisterCourse,boolean,,,,"not-persisted (output/control-flow, default)",COURSE_COREQUISITE.COREQUISITE_COURSE (0.22); COURSE_REGISTRATION.RESTRICTED_COURSE_ID (0.18); COURSE_REGISTRATION_T.RESTRICTED_COURSE_ID (0.18),auto-generated
FLEX2,Academic_Standing.dmn,Course Registration Eligibility,output,reason,string,,,,"not-persisted (output/control-flow, default)",PHD_STUDENT_SUPERVISOR.REASON (1.00); PHD_STUDENT_SUPERVISOR_LOG.REASON (1.00); PHD_CLOSURE_ADMISSION_DETAIL.REASONS (0.42),auto-generated
FLEX2,Course_Replacement_Eligibility.dmn,Course Replacement Eligibility,input,degreeRequirementsCompletedOrCompletingThisSemester,boolean,,,0.109,needs review (no confident match),ORA_ASPNET_PERSONALIZNALLUSERS.PAGESETTINGS (0.11); ORA_ASPNET_PERSONALIZNPERUSER.PAGESETTINGS (0.11); COURSE_REGISTRATION.RESTRICTED_COURSE_ID (0.10),"auto-generated, unreviewed"
FLEX2,Course_Replacement_Eligibility.dmn,Course Replacement Eligibility,input,gradeInCourseToReplace,string,,,0.36,needs review (no confident match),TT_STD_REGISTRATION.COURSE_CODE (0.36); COURSE_REGISTRATION.GRADE (0.33); COURSE_REGISTRATION_T.GRADE (0.33),"auto-generated, unreviewed"
FLEX2,Course_Replacement_Eligibility.dmn,Course Replacement Eligibility,input,courseOfferedInFollowingSemesters,boolean,,,0.144,needs review (no confident match),COURSE_PREREQ.COURSE_PREREQ (0.14); COURSE.COURSE_ID (0.13); COURSE_COREQUISITE.COURSE_ID (0.13),"auto-generated, unreviewed"
FLEX2,Course_Replacement_Eligibility.dmn,Course Replacement Eligibility,input,replacingCoursePassedAtLeastOneSemesterAfter,boolean,,,0.128,needs review (no confident match),ORA_ASPNET_SESSIONS.SESSIONITEMSHORT (0.13); COURSE_REGISTRATION.REPEAT_COURSE_ID (0.13); COURSE_REGISTRATION_T.REPEAT_COURSE_ID (0.13),"auto-generated, unreviewed"
FLEX2,Course_Replacement_Eligibility.dmn,Course Replacement Eligibility,input,isCoreCourse,boolean,,,0.203,needs review (no confident match),COURSE_COREQUISITE.COREQUISITE_COURSE (0.20); COURSE.COURSE_ID (0.19); COURSE_COREQUISITE.COURSE_ID (0.19),"auto-generated, unreviewed"
FLEX2,Course_Replacement_Eligibility.dmn,Course Replacement Eligibility,output,eligibleForReplacement,boolean,,,,"not-persisted (output/control-flow, default)",ORA_ASPNET_SESSIONS.SESSIONITEMSHORT (0.14); ORA_ASPNET_MEMBERSHIP.COMMENTS (0.13); COURSE_REGISTRATION.IS_REPLACED (0.13),auto-generated
FLEX2,Course_Replacement_Eligibility.dmn,Course Replacement Eligibility,output,reason,string,,,,"not-persisted (output/control-flow, default)",PHD_STUDENT_SUPERVISOR.REASON (1.00); PHD_STUDENT_SUPERVISOR_LOG.REASON (1.00); PHD_CLOSURE_ADMISSION_DETAIL.REASONS (0.42),auto-generated
FLEX2,Credit_Transfer_Exemption.dmn,Credit Transfer Exemption,input,cumulativeExemptedCreditPercentIfGranted,number,,,0.347,"likely derived (auto, low confidence -- needs review)",STUDENT_PROGRAM.CREDIT_EXEMPTED (0.35); BATCH_PROGRAM.AVG_CREDIT (0.22); COURSE.MIN_CREDIT_HRS (0.22),"auto-generated, unreviewed"
FLEX2,Credit_Transfer_Exemption.dmn,Credit Transfer Exemption,input,prerequisiteCourseAlsoPassed,boolean,,,0.143,needs review (no confident match),ORA_ASPNET_PROFILE.PROPERTYVALUESSTRING (0.14); ORA_ASPNET_PROFILE.PROPERTYVALUESBINARY (0.14); COURSE_COREQUISITE.COREQUISITE_COURSE (0.14),"auto-generated, unreviewed"
FLEX2,Credit_Transfer_Exemption.dmn,Credit Transfer Exemption,output,exemptionGranted,boolean,,,,"not-persisted (output/control-flow, default)",ORA_ASPNET_PERSONALIZNALLUSERS.PAGESETTINGS (0.16); ORA_ASPNET_PERSONALIZNPERUSER.PAGESETTINGS (0.16); ORA_ASPNET_APPLICATIONS.APPLICATIONID (0.16),auto-generated
FLEX2,Credit_Transfer_Exemption.dmn,Credit Transfer Exemption,output,creditGivenForPrerequisite,boolean,,,,"not-persisted (output/control-flow, default)",ORA_ASPNET_PROFILE.PROPERTYNAMES (0.12); STUDENT_PROGRAM.CREDIT_EXEMPTED (0.12); ORA_ASPNET_SESSIONS.SESSIONITEMLONG (0.11),auto-generated
FLEX2,Credit_Transfer_Exemption.dmn,Credit Transfer Exemption,output,countsTowardCGPA,boolean,,,,"not-persisted (output/control-flow, default)",ORA_ASPNET_MEMBERSHIP.COMMENTS (0.16); ORA_ASPNET_MEMBERSHIP.USERID (0.14); ORA_ASPNET_PERSONALIZNPERUSER.USERID (0.14),auto-generated
FLEX2,Credit_Transfer_Exemption.dmn,Credit Transfer Exemption,output,reason,string,,,,"not-persisted (output/control-flow, default)",PHD_STUDENT_SUPERVISOR.REASON (1.00); PHD_STUDENT_SUPERVISOR_LOG.REASON (1.00); PHD_CLOSURE_ADMISSION_DETAIL.REASONS (0.42),auto-generated
FLEX2,Grading_and_Attendance.dmn,Attendance Percentage,output,attendancePercentage,number,,,,"not-persisted (output/control-flow, default)",C_TEMP.PERCENTAGE (0.57); PHD_COMPREHENSIVETEST.PERCENTAGE (0.57); STUDENT_QUALIFICATION.PERCENTAGE (0.57),auto-generated
FLEX2,Grading_and_Attendance.dmn,Attendance Percentage,input,lecturesAttended,,,,0.285,needs review (no confident match),STUDENT_ATTENDANCE.LECTURE_ID (0.29); LECTURE.LECTURE_DATE (0.27); STUDENT_ATTENDANCE.CREATED_BY (0.26),"auto-generated, unreviewed"
FLEX2,Grading_and_Attendance.dmn,Attendance Percentage,input,lecturesHeldForOffering,,,,0.235,needs review (no confident match),STUDENT_ATTENDANCE.LECTURE_ID (0.24); PHD_STUDENT_SUPERVISOR_LOG.COMMENTS_FOR_SUPERVISOR (0.23); PHD_STUDENT_SUPERVISOR_LOG.COMMENTS_FOR_GSC (0.22),"auto-generated, unreviewed"
FLEX2,Grading_and_Attendance.dmn,Attendance Eligibility For Final Exam,input,attendancePercentage,number,C_TEMP,PERCENTAGE,0.575,"derived (auto, needs formula review)",C_TEMP.PERCENTAGE (0.57); PHD_COMPREHENSIVETEST.PERCENTAGE (0.57); STUDENT_QUALIFICATION.PERCENTAGE (0.57),auto-generated
FLEX2,Grading_and_Attendance.dmn,Attendance Eligibility For Final Exam,output,eligibleForFinalExam,boolean,,,,"not-persisted (output/control-flow, default)",ORA_ASPNET_SESSIONS.SESSIONITEMSHORT (0.13); ORA_ASPNET_APPLICATIONS.APPLICATIONID (0.12); ORA_ASPNET_MEMBERSHIP.APPLICATIONID (0.12),auto-generated
FLEX2,Grading_and_Attendance.dmn,Attendance Eligibility For Final Exam,output,assignedGradeOverride,string,,,,"not-persisted (output/control-flow, default)",GRADING_ZFACTOR.GRADE_ID (0.40); GRADING_SCHEME.AVG_GRADE (0.40); COURSE_REGISTRATION.GRADE (0.36),auto-generated
FLEX2,Grading_and_Attendance.dmn,Grade Points and Interpretation,input,letterGrade,string,GRADE,GRADE,0.606,"direct (auto, confident)",GRADE.GRADE (0.61); COURSE_REGISTRATION.GRADE (0.56); COURSE_REGISTRATION_T.GRADE (0.56),auto-generated
FLEX2,Grading_and_Attendance.dmn,Grade Points and Interpretation,output,gradePoints,number,,,,"not-persisted (output/control-flow, default)",GRADE.GRADE_POINT (0.64); COURSE_REGISTRATION.GRADE_POINT (0.59); COURSE_REGISTRATION_T.GRADE_POINT (0.59),auto-generated
FLEX2,Grading_and_Attendance.dmn,Grade Points and Interpretation,output,interpretation,string,,,,"not-persisted (output/control-flow, default)",PHD_LOCAL_EVALUATORS.INSTITUTION (0.29); STUDENT_QUALIFICATION.INSTITUTION (0.29); REGISTRATIONLOG.RELATION (0.29),auto-generated
FLEX2,Graduation_Eligibility.dmn,Graduation Eligibility,input,creditHoursEarned,number,STUDENT_PROGRAM,CREDITS_EARNED,0.515,"direct (auto, confident)",STUDENT_PROGRAM.CREDITS_EARNED (0.51); STUDENT_SEMESTER.CREDITS_EARNED (0.51); COURSE.CREDIT_HRS (0.44),auto-generated
FLEX2,Graduation_Eligibility.dmn,Graduation Eligibility,input,degreeMinimumCreditHours,number,,,0.376,needs review (no confident match),COURSE.MIN_CREDIT_HRS (0.38); TT_STD_REGISTRATION.MIN_CREDIT_HRS (0.38); COURSE.CREDIT_HRS (0.35),"auto-generated, unreviewed"
FLEX2,Graduation_Eligibility.dmn,Graduation Eligibility,input,cumulativeGPA,number,,,0.225,"likely derived (auto, low confidence -- needs review)",FMSPONSORSHIP.MINSGPA (0.23); FMSTUDENTSPONSORSHIP.MINSGPA (0.23); FB_QUESTIONS.ISACTIVE (0.21),"auto-generated, unreviewed"
FLEX2,Graduation_Eligibility.dmn,Graduation Eligibility,input,semestersElapsed,number,,,0.21,"likely derived (auto, low confidence -- needs review)",FMLEDGER_SPONS_TEMP.STUDENTSPONSID (0.21); FMLEDGER_STUDENTSPONS.STUDENTSPONSID (0.21); DISCIPLINE_PREFERENCE.ISSELECTED (0.21),"auto-generated, unreviewed"
FLEX2,Graduation_Eligibility.dmn,Graduation Eligibility,input,yearsElapsed,number,,,0.235,"likely derived (auto, low confidence -- needs review)",D_FAMILY_RELATION.REL_TYPE_ID (0.23); STUDENT_FAMILY_INFO.REL_TYPE_ID (0.23); NUTES_SEG_DATA.YEAR (0.23),"auto-generated, unreviewed"
FLEX2,Graduation_Eligibility.dmn,Graduation Eligibility,output,eligibleToGraduate,boolean,,,,"not-persisted (output/control-flow, default)",ORA_ASPNET_SESSIONS.SESSIONITEMLONG (0.12); ORA_ASPNET_SESSIONS.SESSIONITEMSHORT (0.11); D_DEPT_EVAL_SCHEME.WEIGHT_TO (0.11),auto-generated
FLEX2,Graduation_Eligibility.dmn,Graduation Eligibility,output,reason,string,,,,"not-persisted (output/control-flow, default)",PHD_STUDENT_SUPERVISOR.REASON (1.00); PHD_STUDENT_SUPERVISOR_LOG.REASON (1.00); PHD_CLOSURE_ADMISSION_DETAIL.REASONS (0.42),auto-generated
FLEX2,Summer_Semester_Registration.dmn,Summer Semester Registration,input,isResearchCourseOrProject,boolean,,,0.154,needs review (no confident match),COURSE_REGISTRATION.REPEAT_COURSE_ID (0.15); COURSE_REGISTRATION_T.REPEAT_COURSE_ID (0.15); TT_STD_REGISTRATION.COURSE_CODE (0.15),"auto-generated, unreviewed"
FLEX2,Summer_Semester_Registration.dmn,Summer Semester Registration,input,isNewCourseRequest,boolean,,,0.165,needs review (no confident match),TT_STD_REGISTRATION.COURSE_CODE (0.16); TT_STD_REGISTRATION.COURSE_TITLE (0.16); COURSE_REGISTRATION.COURSE_ID (0.16),"auto-generated, unreviewed"
FLEX2,Summer_Semester_Registration.dmn,Summer Semester Registration,input,isElectiveTaughtByVisitingScholarUnavailableOtherwise,boolean,,,0.111,needs review (no confident match),ORA_ASPNET_SESSIONS.SESSIONITEMSHORT (0.11); COURSE_REGISTRATION.IS_REPLACED (0.10); COURSE_REGISTRATION_T.IS_REPLACED (0.10),"auto-generated, unreviewed"
FLEX2,Summer_Semester_Registration.dmn,Summer Semester Registration,input,isNeededToGraduateThisSummer,boolean,,,0.131,needs review (no confident match),ORA_ASPNET_WEBEVENTS.DETAILS (0.13); COURSE_REGISTRATION.IS_REPLACED (0.12); COURSE_REGISTRATION_T.IS_REPLACED (0.12),"auto-generated, unreviewed"
FLEX2,Summer_Semester_Registration.dmn,Summer Semester Registration,input,repeatCourseCountRequested,number,,,0.34,"likely derived (auto, low confidence -- needs review)",COURSE_REGISTRATION.COURSE_ID (0.34); COURSE_REGISTRATION_T.COURSE_ID (0.34); TT_STD_REGISTRATION.COURSE_ID (0.34),"auto-generated, unreviewed"
FLEX2,Summer_Semester_Registration.dmn,Summer Semester Registration,input,minimumTenStudentsEnrolled,boolean,,,0.135,needs review (no confident match),ORA_ASPNET_MEMBERSHIP.COMMENTS (0.14); ORA_ASPNET_SESSIONS.SESSIONITEMSHORT (0.13); ORA_ASPNET_MEMBERSHIP.USERID (0.12),"auto-generated, unreviewed"
FLEX2,Summer_Semester_Registration.dmn,Summer Semester Registration,output,registrationAllowed,boolean,,,,"not-persisted (output/control-flow, default)",ORA_ASPNET_APPLICATIONS.APPLICATIONID (0.17); ORA_ASPNET_MEMBERSHIP.APPLICATIONID (0.17); ORA_ASPNET_PATHS.APPLICATIONID (0.17),auto-generated
FLEX2,Summer_Semester_Registration.dmn,Summer Semester Registration,output,reason,string,,,,"not-persisted (output/control-flow, default)",PHD_STUDENT_SUPERVISOR.REASON (1.00); PHD_STUDENT_SUPERVISOR_LOG.REASON (1.00); PHD_CLOSURE_ADMISSION_DETAIL.REASONS (0.42),auto-generated
OpenMRS,Concept_and_Observation_Validation.dmn,Obs Value Required By Datatype,input,isObsGroup,boolean,,,0.356,needs review (no confident match),concept.is_set (0.36); field_type.is_set (0.31); concept_map_type.is_hidden (0.28),"auto-generated, unreviewed"
OpenMRS,Concept_and_Observation_Validation.dmn,Obs Value Required By Datatype,input,conceptDatatype,string,concept_attribute_type,datatype,0.638,"direct (auto, confident)",concept_attribute_type.datatype (0.64); diagnosis_attribute_type.datatype (0.59); form_resource.datatype (0.59),auto-generated
OpenMRS,Concept_and_Observation_Validation.dmn,Obs Value Required By Datatype,output,requiredValueColumn,string,,,,"not-persisted (output/control-flow, default)",clob_datatype_storage.value (0.42); obs.value_complex (0.41); person_attribute.value (0.37),auto-generated
OpenMRS,Concept_and_Observation_Validation.dmn,Obs Group Value Exclusivity,input,isObsGroup,boolean,,,0.356,needs review (no confident match),concept.is_set (0.36); field_type.is_set (0.31); concept_map_type.is_hidden (0.28),"auto-generated, unreviewed"
OpenMRS,Concept_and_Observation_Validation.dmn,Obs Group Value Exclusivity,input,anyValueFieldSet,boolean,,,0.324,"likely derived (auto, low confidence -- needs review)",concept.is_set (0.32); field_type.is_set (0.27); concept_name.locale_preferred (0.22),"auto-generated, unreviewed"
OpenMRS,Concept_and_Observation_Validation.dmn,Obs Group Value Exclusivity,output,obsStructureValid,boolean,,,,"not-persisted (output/control-flow, default)",scheduler_task_config.started (0.23); concept.retired (0.20); concept_attribute_type.retired (0.20),auto-generated
OpenMRS,Concept_and_Observation_Validation.dmn,Obs Group Value Exclusivity,output,reasonCode,string,,,,"not-persisted (output/control-flow, default)",concept_reference_term.code (0.58); concept_attribute.void_reason (0.49); concept_name.void_reason (0.49),auto-generated
OpenMRS,Concept_and_Observation_Validation.dmn,Numeric Precision Validity,input,allowDecimal,boolean,concept_numeric,allow_decimal,1.0,"direct (auto, confident)",concept_numeric.allow_decimal (1.00); concept_attribute.voided (0.20); concept_name.voided (0.20),auto-generated
OpenMRS,Concept_and_Observation_Validation.dmn,Numeric Precision Validity,input,valueNumericHasFraction,boolean,,,0.201,needs review (no confident match),obs.value_numeric (0.20); concept_name.locale_preferred (0.19); concept_numeric.allow_decimal (0.17),"auto-generated, unreviewed"
OpenMRS,Concept_and_Observation_Validation.dmn,Numeric Precision Validity,output,precisionValid,boolean,,,,"not-persisted (output/control-flow, default)",concept.retired (0.22); concept_attribute_type.retired (0.22); concept_class.retired (0.22),auto-generated
OpenMRS,Concept_and_Observation_Validation.dmn,Numeric Precision Validity,output,reasonCode,string,,,,"not-persisted (output/control-flow, default)",concept_reference_term.code (0.58); concept_attribute.void_reason (0.49); concept_name.void_reason (0.49),auto-generated
OpenMRS,Concept_and_Observation_Validation.dmn,Numeric Absolute Range Validity,input,hiAbsoluteSet,boolean,,,0.424,needs review (no confident match),concept.is_set (0.42); field_type.is_set (0.37); concept_numeric.hi_absolute (0.31),"auto-generated, unreviewed"
OpenMRS,Concept_and_Observation_Validation.dmn,Numeric Absolute Range Validity,input,valueNumeric,number,obs,value_numeric,0.982,"direct (auto, confident)",obs.value_numeric (0.98); obs.value_drug (0.43); obs.value_coded (0.42),auto-generated
OpenMRS,Concept_and_Observation_Validation.dmn,Numeric Absolute Range Validity,input,hiAbsolute,number,concept_numeric,hi_absolute,1.0,"direct (auto, confident)",concept_numeric.hi_absolute (1.00); concept_reference_range.hi_absolute (1.00); obs_reference_range.hi_absolute (1.00),auto-generated
OpenMRS,Concept_and_Observation_Validation.dmn,Numeric Absolute Range Validity,input,lowAbsoluteSet,boolean,,,0.367,needs review (no confident match),concept.is_set (0.37); field_type.is_set (0.32); concept_numeric.low_absolute (0.31),"auto-generated, unreviewed"
OpenMRS,Concept_and_Observation_Validation.dmn,Numeric Absolute Range Validity,input,lowAbsolute,number,concept_numeric,low_absolute,1.0,"direct (auto, confident)",concept_numeric.low_absolute (1.00); concept_reference_range.low_absolute (1.00); obs_reference_range.low_absolute (1.00),auto-generated
OpenMRS,Concept_and_Observation_Validation.dmn,Numeric Absolute Range Validity,output,absoluteRangeValid,boolean,,,,"not-persisted (output/control-flow, default)",concept_name.locale_preferred (0.21); program_workflow_state.terminal (0.21); notification_alert.alert_read (0.19),auto-generated
OpenMRS,Concept_and_Observation_Validation.dmn,Numeric Absolute Range Validity,output,reasonCode,string,,,,"not-persisted (output/control-flow, default)",concept_reference_term.code (0.58); concept_attribute.void_reason (0.49); concept_name.void_reason (0.49),auto-generated
OpenMRS,Concept_and_Observation_Validation.dmn,Numeric Interpretation Classification,input,valueNumeric,number,obs,value_numeric,0.982,"direct (auto, confident)",obs.value_numeric (0.98); obs.value_drug (0.43); obs.value_coded (0.42),auto-generated
OpenMRS,Concept_and_Observation_Validation.dmn,Numeric Interpretation Classification,input,hiCritical,number,concept_numeric,hi_critical,1.0,"direct (auto, confident)",concept_numeric.hi_critical (1.00); concept_reference_range.hi_critical (1.00); obs_reference_range.hi_critical (0.98),auto-generated
OpenMRS,Concept_and_Observation_Validation.dmn,Numeric Interpretation Classification,input,hiNormal,number,concept_numeric,hi_normal,1.0,"direct (auto, confident)",concept_numeric.hi_normal (1.00); concept_reference_range.hi_normal (1.00); obs_reference_range.hi_normal (0.97),auto-generated
OpenMRS,Concept_and_Observation_Validation.dmn,Numeric Interpretation Classification,input,lowCritical,number,concept_numeric,low_critical,1.0,"direct (auto, confident)",concept_numeric.low_critical (1.00); concept_reference_range.low_critical (1.00); obs_reference_range.low_critical (0.98),auto-generated
OpenMRS,Concept_and_Observation_Validation.dmn,Numeric Interpretation Classification,input,lowNormal,number,concept_numeric,low_normal,1.0,"direct (auto, confident)",concept_numeric.low_normal (1.00); concept_reference_range.low_normal (1.00); obs_reference_range.low_normal (0.98),auto-generated
OpenMRS,Concept_and_Observation_Validation.dmn,Numeric Interpretation Classification,output,interpretation,string,,,,"not-persisted (output/control-flow, default)",obs.interpretation (1.00); orders.instructions (0.28); concept.description (0.27),auto-generated
OpenMRS,Concept_and_Observation_Validation.dmn,Concept Preferred Name Validity,input,localePreferred,boolean,concept_name,locale_preferred,1.0,"direct (auto, confident)",concept_name.locale_preferred (1.00); person_name.preferred (0.66); patient_identifier.preferred (0.61),auto-generated
OpenMRS,Concept_and_Observation_Validation.dmn,Concept Preferred Name Validity,input,conceptNameType,string,concept_name,concept_name_type,1.0,"direct (auto, confident)",concept_name.concept_name_type (1.00); concept_attribute_type.name (0.42); concept_class.name (0.42),auto-generated
OpenMRS,Concept_and_Observation_Validation.dmn,Concept Preferred Name Validity,input,voided,boolean,allergy,voided,1.0,"direct (auto, confident)",allergy.voided (1.00); cohort.voided (1.00); cohort_member.voided (1.00),auto-generated
OpenMRS,Concept_and_Observation_Validation.dmn,Concept Preferred Name Validity,output,preferredNameValid,boolean,,,,"not-persisted (output/control-flow, default)",person_name.preferred (0.53); patient_identifier.preferred (0.48); person_address.preferred (0.48),auto-generated
OpenMRS,Concept_and_Observation_Validation.dmn,Concept Preferred Name Validity,output,reasonCode,string,,,,"not-persisted (output/control-flow, default)",concept_reference_term.code (0.58); concept_attribute.void_reason (0.49); concept_name.void_reason (0.49),auto-generated
OpenMRS,Order_Validation.dmn,Order Date Activated Consistency,input,dateActivatedSet,boolean,,,0.301,needs review (no confident match),concept.is_set (0.30); field_type.is_set (0.30); orders.date_activated (0.26),"auto-generated, unreviewed"
OpenMRS,Order_Validation.dmn,Order Date Activated Consistency,input,dateActivated,date,orders,date_activated,0.983,"direct (auto, confident)",orders.date_activated (0.98); order_attribute.date_created (0.56); order_attribute_type.date_created (0.56),auto-generated
OpenMRS,Order_Validation.dmn,Order Date Activated Consistency,input,dateStoppedSet,boolean,,,0.318,needs review (no confident match),concept.is_set (0.32); field_type.is_set (0.32); orders.date_stopped (0.26),"auto-generated, unreviewed"
OpenMRS,Order_Validation.dmn,Order Date Activated Consistency,input,dateStopped,date,orders,date_stopped,0.98,"direct (auto, confident)",orders.date_stopped (0.98); visit.date_stopped (0.98); order_attribute.date_voided (0.52),auto-generated
OpenMRS,Order_Validation.dmn,Order Date Activated Consistency,input,autoExpireDateSet,boolean,,,0.278,needs review (no confident match),orders.auto_expire_date (0.28); concept.is_set (0.27); field_type.is_set (0.27),"auto-generated, unreviewed"
OpenMRS,Order_Validation.dmn,Order Date Activated Consistency,input,autoExpireDate,date,orders,auto_expire_date,0.97,"direct (auto, confident)",orders.auto_expire_date (0.97); notification_alert.date_to_expire (0.56); order_attribute_type.date_retired (0.43),auto-generated
OpenMRS,Order_Validation.dmn,Order Date Activated Consistency,input,encounterDatetimeSet,boolean,,,0.276,needs review (no confident match),concept.is_set (0.28); field_type.is_set (0.28); encounter.encounter_datetime (0.27),"auto-generated, unreviewed"
OpenMRS,Order_Validation.dmn,Order Date Activated Consistency,input,encounterDatetime,date,encounter,encounter_datetime,0.987,"direct (auto, confident)",encounter.encounter_datetime (0.99); obs.obs_datetime (0.46); obs.value_datetime (0.44),auto-generated
OpenMRS,Order_Validation.dmn,Order Date Activated Consistency,output,dateActivatedValid,boolean,,,,"not-persisted (output/control-flow, default)",orders.date_activated (0.26); person.birthdate_estimated (0.24); person.deathdate_estimated (0.24),auto-generated
OpenMRS,Order_Validation.dmn,Order Date Activated Consistency,output,reasonCode,string,,,,"not-persisted (output/control-flow, default)",concept_reference_term.code (0.53); order_attribute.void_reason (0.49); order_group.void_reason (0.49),auto-generated
OpenMRS,Order_Validation.dmn,Order Scheduled Date Urgency Consistency,input,scheduledDateSet,boolean,,,0.301,needs review (no confident match),concept.is_set (0.30); field_type.is_set (0.30); orders.scheduled_date (0.26),"auto-generated, unreviewed"
OpenMRS,Order_Validation.dmn,Order Scheduled Date Urgency Consistency,input,urgency,string,orders,urgency,1.0,"direct (auto, confident)",orders.urgency (1.00); allergy.allergen_type (0.28); order_attribute.value_reference (0.25),auto-generated
OpenMRS,Order_Validation.dmn,Order Scheduled Date Urgency Consistency,output,scheduledDateUrgencyValid,boolean,,,,"not-persisted (output/control-flow, default)",orders.scheduled_date (0.20); drug_order.dispense_as_written (0.19); drug_order.as_needed (0.18),auto-generated
OpenMRS,Order_Validation.dmn,Order Scheduled Date Urgency Consistency,output,reasonCode,string,,,,"not-persisted (output/control-flow, default)",concept_reference_term.code (0.53); order_attribute.void_reason (0.49); order_group.void_reason (0.49),auto-generated
OpenMRS,Patient_Identifier_Validation.dmn,Preferred Identifier Requirement,input,anyPreferredFlagged,boolean,patient_identifier,preferred,0.523,"derived (auto, needs formula review)",patient_identifier.preferred (0.52); person_address.preferred (0.47); person_name.preferred (0.47),auto-generated
OpenMRS,Patient_Identifier_Validation.dmn,Preferred Identifier Requirement,input,identifierCount,number,patient_identifier,identifier_type,0.563,"derived (auto, needs formula review)",patient_identifier.identifier_type (0.56); patient_identifier.patient_identifier_id (0.44); outbox_event.error_count (0.43),auto-generated
OpenMRS,Patient_Identifier_Validation.dmn,Preferred Identifier Requirement,output,preferredIdentifierValid,boolean,,,,"not-persisted (output/control-flow, default)",patient_identifier.preferred (0.48); person_address.preferred (0.43); person_name.preferred (0.43),auto-generated
OpenMRS,Patient_Identifier_Validation.dmn,Preferred Identifier Requirement,output,reasonCode,string,,,,"not-persisted (output/control-flow, default)",concept_reference_term.code (0.53); patient.void_reason (0.49); patient_identifier.void_reason (0.49),auto-generated
OpenMRS,Patient_Identifier_Validation.dmn,Identifier Location Requirement,input,locationSet,boolean,,,0.395,needs review (no confident match),concept.is_set (0.40); field_type.is_set (0.40); drug.combination (0.25),"auto-generated, unreviewed"
OpenMRS,Patient_Identifier_Validation.dmn,Identifier Location Requirement,input,locationBehavior,string,patient_identifier_type,location_behavior,1.0,"direct (auto, confident)",patient_identifier_type.location_behavior (1.00); patient_identifier_type.uniqueness_behavior (0.54); location.state_province (0.25),auto-generated
OpenMRS,Patient_Identifier_Validation.dmn,Identifier Location Requirement,output,locationRequirementValid,boolean,,,,"not-persisted (output/control-flow, default)",patient_identifier_type.required (0.28); form_field.required (0.23); location.retired (0.22),auto-generated
OpenMRS,Patient_Identifier_Validation.dmn,Identifier Location Requirement,output,reasonCode,string,,,,"not-persisted (output/control-flow, default)",concept_reference_term.code (0.53); location_attribute.void_reason (0.49); patient.void_reason (0.49),auto-generated
OpenMRS,Patient_Identifier_Validation.dmn,Identifier Uniqueness Check,input,uniquenessBehavior,string,patient_identifier_type,uniqueness_behavior,1.0,"direct (auto, confident)",patient_identifier_type.uniqueness_behavior (1.00); patient_identifier_type.location_behavior (0.51); concept_reference_source.unique_id (0.23),auto-generated
OpenMRS,Patient_Identifier_Validation.dmn,Identifier Uniqueness Check,input,inUseByAnotherPatient,boolean,,,0.225,needs review (no confident match),notification_alert.satisfied_by_any (0.22); drug_order.dispense_as_written (0.20); concept_map_type.is_hidden (0.18),"auto-generated, unreviewed"
OpenMRS,Patient_Identifier_Validation.dmn,Identifier Uniqueness Check,input,duplicateWithinSamePatient,boolean,,,0.18,"likely derived (auto, low confidence -- needs review)",person.birthdate_estimated (0.18); person.deathdate_estimated (0.18); drug.combination (0.17),"auto-generated, unreviewed"
OpenMRS,Patient_Identifier_Validation.dmn,Identifier Uniqueness Check,output,identifierUniquenessValid,boolean,,,,"not-persisted (output/control-flow, default)",patient_identifier.preferred (0.21); patient_identifier.identifier (0.20); patient_identifier_type.retired (0.19),auto-generated
OpenMRS,Patient_Identifier_Validation.dmn,Identifier Uniqueness Check,output,reasonCode,string,,,,"not-persisted (output/control-flow, default)",concept_reference_term.code (0.53); patient.void_reason (0.49); patient_identifier.void_reason (0.49),auto-generated
OpenMRS,Patient_Identifier_Validation.dmn,Identifier Format And Check-Digit Validity,input,identifierBlank,boolean,,,0.272,needs review (no confident match),patient_identifier.identifier (0.27); notification_alert.satisfied_by_any (0.23); provider.identifier (0.22),"auto-generated, unreviewed"
OpenMRS,Patient_Identifier_Validation.dmn,Identifier Format And Check-Digit Validity,input,formatSet,boolean,,,0.363,needs review (no confident match),concept.is_set (0.36); field_type.is_set (0.36); patient_identifier_type.format (0.27),"auto-generated, unreviewed"
OpenMRS,Patient_Identifier_Validation.dmn,Identifier Format And Check-Digit Validity,input,identifierMatchesFormat,boolean,,,0.21,"likely derived (auto, low confidence -- needs review)",patient_identifier.identifier (0.21); patient_identifier.identifier_type (0.20); person.birthdate_estimated (0.19),"auto-generated, unreviewed"
OpenMRS,Patient_Identifier_Validation.dmn,Identifier Format And Check-Digit Validity,input,validatorSet,boolean,,,0.383,needs review (no confident match),concept.is_set (0.38); field_type.is_set (0.38); patient_identifier_type.validator (0.28),"auto-generated, unreviewed"
OpenMRS,Patient_Identifier_Validation.dmn,Identifier Format And Check-Digit Validity,input,checkDigitValid,boolean,patient_identifier_type,check_digit,0.763,"direct (auto, confident)",patient_identifier_type.check_digit (0.76); program_workflow_state.initial (0.20); patient.voided (0.18),auto-generated
OpenMRS,Patient_Identifier_Validation.dmn,Identifier Format And Check-Digit Validity,output,identifierFormatValid,boolean,,,,"not-persisted (output/control-flow, default)",patient_identifier.preferred (0.23); patient_identifier.identifier (0.22); patient_identifier_type.retired (0.21),auto-generated
OpenMRS,Patient_Identifier_Validation.dmn,Identifier Format And Check-Digit Validity,output,reasonCode,string,,,,"not-persisted (output/control-flow, default)",concept_reference_term.code (0.53); patient.void_reason (0.49); patient_identifier.void_reason (0.49),auto-generated
OpenMRS,Person_Demographics_Validation.dmn,Birthdate Validity,input,birthdate,date,person,birthdate,1.0,"direct (auto, confident)",person.birthdate (1.00); person.birthtime (0.40); person.death_date (0.33),auto-generated
OpenMRS,Person_Demographics_Validation.dmn,Birthdate Validity,input,yearsSinceBirthdate,number,,,0.225,needs review (no confident match),hl7_in_archive.message_state (0.23); hl7_in_queue.message_state (0.23); person_attribute.person_attribute_id (0.22),"auto-generated, unreviewed"
OpenMRS,Person_Demographics_Validation.dmn,Birthdate Validity,output,birthdateValid,boolean,,,,"not-persisted (output/control-flow, default)",person.birthdate_estimated (0.53); person.birthdate (0.27); person.deathdate_estimated (0.27),auto-generated
OpenMRS,Person_Demographics_Validation.dmn,Birthdate Validity,output,reasonCode,string,,,,"not-persisted (output/control-flow, default)",concept_reference_term.code (0.53); person.void_reason (0.49); person_address.void_reason (0.49),auto-generated
OpenMRS,Person_Demographics_Validation.dmn,Death Record Consistency,input,dead,boolean,person,dead,1.0,"direct (auto, confident)",person.dead (1.00); person.voided (0.32); person_address.voided (0.32),auto-generated
OpenMRS,Person_Demographics_Validation.dmn,Death Record Consistency,input,causeOfDeathSet,boolean,,,0.325,needs review (no confident match),person.cause_of_death (0.32); concept.is_set (0.28); field_type.is_set (0.28),"auto-generated, unreviewed"
OpenMRS,Person_Demographics_Validation.dmn,Death Record Consistency,input,causeOfDeathNonCodedSet,boolean,,,0.344,needs review (no confident match),person.cause_of_death_non_coded (0.34); person.cause_of_death (0.25); person.deathdate_estimated (0.22),"auto-generated, unreviewed"
OpenMRS,Person_Demographics_Validation.dmn,Death Record Consistency,output,deathRecordValid,boolean,,,,"not-persisted (output/control-flow, default)",person.dead (0.23); person.deathdate_estimated (0.23); person_attribute_type.retired (0.21),auto-generated
OpenMRS,Person_Demographics_Validation.dmn,Death Record Consistency,output,reasonCode,string,,,,"not-persisted (output/control-flow, default)",concept_reference_term.code (0.53); person.void_reason (0.49); person_address.void_reason (0.49),auto-generated
OpenMRS,Person_Demographics_Validation.dmn,Death Date Consistency,input,deathDateSet,boolean,,,0.369,needs review (no confident match),person.deathdate_estimated (0.37); person.death_date (0.31); concept.is_set (0.29),"auto-generated, unreviewed"
OpenMRS,Person_Demographics_Validation.dmn,Death Date Consistency,input,deathDate,date,person,death_date,1.0,"direct (auto, confident)",person.death_date (1.00); person_address.start_date (0.52); person_address.end_date (0.50),auto-generated
OpenMRS,Person_Demographics_Validation.dmn,Death Date Consistency,input,birthdate,date,person,birthdate,1.0,"direct (auto, confident)",person.birthdate (1.00); person.birthtime (0.40); person.death_date (0.33),auto-generated
OpenMRS,Person_Demographics_Validation.dmn,Death Date Consistency,output,deathDateValid,boolean,,,,"not-persisted (output/control-flow, default)",person.deathdate_estimated (0.35); person.death_date (0.30); person.birthdate_estimated (0.27),auto-generated
OpenMRS,Person_Demographics_Validation.dmn,Death Date Consistency,output,reasonCode,string,,,,"not-persisted (output/control-flow, default)",concept_reference_term.code (0.53); person.void_reason (0.49); person_address.void_reason (0.49),auto-generated
OpenMRS,Program_Enrollment_Validation.dmn,Program Enrollment Date Consistency,input,dateEnrolled,date,patient_program,date_enrolled,1.0,"direct (auto, confident)",patient_program.date_enrolled (1.00); program.date_retired (0.53); program_attribute_type.date_retired (0.53),auto-generated
OpenMRS,Program_Enrollment_Validation.dmn,Program Enrollment Date Consistency,input,dateCompletedSet,boolean,,,0.315,needs review (no confident match),patient_program.date_completed (0.31); concept.is_set (0.26); field_type.is_set (0.26),"auto-generated, unreviewed"
OpenMRS,Program_Enrollment_Validation.dmn,Program Enrollment Date Consistency,input,dateCompleted,date,patient_program,date_completed,1.0,"direct (auto, confident)",patient_program.date_completed (1.00); patient_program.date_created (0.56); patient_program_attribute.date_created (0.56),auto-generated
OpenMRS,Program_Enrollment_Validation.dmn,Program Enrollment Date Consistency,output,enrollmentDatesValid,boolean,,,,"not-persisted (output/control-flow, default)",person.birthdate_estimated (0.21); person.deathdate_estimated (0.21); program.retired (0.18),auto-generated
OpenMRS,Program_Enrollment_Validation.dmn,Program Enrollment Date Consistency,output,reasonCode,string,,,,"not-persisted (output/control-flow, default)",concept_reference_term.code (0.53); patient_program.void_reason (0.49); patient_program_attribute.void_reason (0.49),auto-generated
OpenMRS,Program_Enrollment_Validation.dmn,Patient State Date Validity,input,startDateSet,boolean,,,0.338,needs review (no confident match),concept.is_set (0.34); field_type.is_set (0.34); scheduler_task_config.start_on_startup (0.34),"auto-generated, unreviewed"
OpenMRS,Program_Enrollment_Validation.dmn,Patient State Date Validity,input,startDate,date,patient_state,start_date,1.0,"direct (auto, confident)",patient_state.start_date (1.00); cohort_member.start_date (0.98); person_address.start_date (0.98),auto-generated
OpenMRS,Program_Enrollment_Validation.dmn,Patient State Date Validity,input,endDateSet,boolean,,,0.306,needs review (no confident match),concept.is_set (0.31); field_type.is_set (0.31); patient_state.end_date (0.30),"auto-generated, unreviewed"
OpenMRS,Program_Enrollment_Validation.dmn,Patient State Date Validity,input,endDate,date,patient_state,end_date,1.0,"direct (auto, confident)",patient_state.end_date (1.00); cohort_member.end_date (0.97); conditions.end_date (0.97),auto-generated
OpenMRS,Program_Enrollment_Validation.dmn,Patient State Date Validity,output,patientStateDatesValid,boolean,,,,"not-persisted (output/control-flow, default)",patient_state.patient_state_id (0.24); person.birthdate_estimated (0.20); person.deathdate_estimated (0.20),auto-generated
OpenMRS,Program_Enrollment_Validation.dmn,Patient State Date Validity,output,reasonCode,string,,,,"not-persisted (output/control-flow, default)",concept_reference_term.code (0.53); patient.void_reason (0.49); patient_identifier.void_reason (0.49),auto-generated
OpenMRS,Relationship_and_Encounter_Validation.dmn,Relationship Date Validity,input,startDateSet,boolean,,,0.338,needs review (no confident match),concept.is_set (0.34); field_type.is_set (0.34); scheduler_task_config.start_on_startup (0.34),"auto-generated, unreviewed"
OpenMRS,Relationship_and_Encounter_Validation.dmn,Relationship Date Validity,input,startDate,date,relationship,start_date,1.0,"direct (auto, confident)",relationship.start_date (1.00); cohort_member.start_date (0.98); patient_state.start_date (0.98),auto-generated
OpenMRS,Relationship_and_Encounter_Validation.dmn,Relationship Date Validity,input,endDateSet,boolean,,,0.306,needs review (no confident match),concept.is_set (0.31); field_type.is_set (0.31); relationship.end_date (0.30),"auto-generated, unreviewed"
OpenMRS,Relationship_and_Encounter_Validation.dmn,Relationship Date Validity,input,endDate,date,relationship,end_date,1.0,"direct (auto, confident)",relationship.end_date (1.00); cohort_member.end_date (0.97); conditions.end_date (0.97),auto-generated
OpenMRS,Relationship_and_Encounter_Validation.dmn,Relationship Date Validity,output,relationshipDatesValid,boolean,,,,"not-persisted (output/control-flow, default)",person.deathdate_estimated (0.24); relationship.relationship (0.23); person.birthdate_estimated (0.22),auto-generated
OpenMRS,Relationship_and_Encounter_Validation.dmn,Relationship Date Validity,output,reasonCode,string,,,,"not-persisted (output/control-flow, default)",concept_reference_term.code (0.53); encounter.void_reason (0.49); encounter_diagnosis.void_reason (0.49),auto-generated
OpenMRS,Relationship_and_Encounter_Validation.dmn,Encounter Datetime Validity,input,visitPatientMismatch,boolean,,,0.185,needs review (no confident match),person.birthdate_estimated (0.18); encounter.patient_id (0.18); encounter_diagnosis.patient_id (0.18),"auto-generated, unreviewed"
OpenMRS,Relationship_and_Encounter_Validation.dmn,Encounter Datetime Validity,input,encounterDatetime,date,encounter,encounter_datetime,1.0,"direct (auto, confident)",encounter.encounter_datetime (1.00); obs.obs_datetime (0.46); obs.value_datetime (0.44),auto-generated
OpenMRS,Relationship_and_Encounter_Validation.dmn,Encounter Datetime Validity,input,visitSet,boolean,concept,is_set,0.505,"direct (auto, confident)",concept.is_set (0.50); field_type.is_set (0.50); encounter.voided (0.24),auto-generated
OpenMRS,Relationship_and_Encounter_Validation.dmn,Encounter Datetime Validity,input,visitStart,date,relationship,start_date,0.458,"direct (auto, confident)",relationship.start_date (0.46); cohort_member.start_date (0.41); patient_state.start_date (0.41),auto-generated
OpenMRS,Relationship_and_Encounter_Validation.dmn,Encounter Datetime Validity,input,visitStop,date,,,0.214,needs review (no confident match),orders.date_stopped (0.21); visit.date_stopped (0.21); encounter.visit_id (0.21),"auto-generated, unreviewed"
OpenMRS,Relationship_and_Encounter_Validation.dmn,Encounter Datetime Validity,output,encounterDatetimeValid,boolean,,,,"not-persisted (output/control-flow, default)",encounter.encounter_datetime (0.31); person.deathdate_estimated (0.24); encounter_role.retired (0.24),auto-generated
OpenMRS,Relationship_and_Encounter_Validation.dmn,Encounter Datetime Validity,output,reasonCode,string,,,,"not-persisted (output/control-flow, default)",concept_reference_term.code (0.53); encounter.void_reason (0.49); encounter_diagnosis.void_reason (0.49),auto-generated
OFBiz,Inventory_and_Backorder_Validation.dmn,Backorder Notification Needed,input,nextShipDateKnown,boolean,,,0.259,needs review (no confident match),ProductStore.shipIfCaptureFails (0.26); SupplierProduct.canDropShip (0.25); ProductStore.reqShipAddrForDigItems (0.25),"auto-generated, unreviewed"
OFBiz,Inventory_and_Backorder_Validation.dmn,Backorder Notification Needed,input,nextShipDateAfterPromisedDate,boolean,,,0.26,needs review (no confident match),ProductStore.shipIfCaptureFails (0.26); ProductStore.reqShipAddrForDigItems (0.23); OrderItem.shipAfterDate (0.21),"auto-generated, unreviewed"
OFBiz,Inventory_and_Backorder_Validation.dmn,Backorder Notification Needed,input,promisedDateApproaching,boolean,,,0.261,needs review (no confident match),ProductStore.prorateShipping (0.26); ProductStore.prodSearchExcludeVariants (0.21); ProductReview.postedAnonymous (0.19),"auto-generated, unreviewed"
OFBiz,Inventory_and_Backorder_Validation.dmn,Backorder Notification Needed,output,notifyCustomerNeeded,boolean,,,,"not-persisted (output/control-flow, default)",Person.existingCustomer (0.39); ProductPromo.showToCustomer (0.37); ProductStore.requireCustomerRole (0.34),auto-generated
OFBiz,Inventory_and_Backorder_Validation.dmn,Backorder Auto-Cancel Decision,input,notifyCustomerNeeded,boolean,,,0.388,needs review (no confident match),Person.existingCustomer (0.39); ProductPromo.showToCustomer (0.37); ProductStore.requireCustomerRole (0.34),"auto-generated, unreviewed"
OFBiz,Inventory_and_Backorder_Validation.dmn,Backorder Auto-Cancel Decision,input,nextShipDateKnown,boolean,,,0.259,needs review (no confident match),ProductStore.shipIfCaptureFails (0.26); SupplierProduct.canDropShip (0.25); ProductStore.reqShipAddrForDigItems (0.25),"auto-generated, unreviewed"
OFBiz,Inventory_and_Backorder_Validation.dmn,Backorder Auto-Cancel Decision,input,nextShipDateMoreThan30DaysPastPromised,boolean,,,0.211,needs review (no confident match),ProductStore.shipIfCaptureFails (0.21); ProductStore.reqShipAddrForDigItems (0.19); TaxAuthority.includeTaxInPrice (0.16),"auto-generated, unreviewed"
OFBiz,Inventory_and_Backorder_Validation.dmn,Backorder Auto-Cancel Decision,input,isSecondNotificationForSamePromise,boolean,,,0.363,needs review (no confident match),WorkEffort.sendNotificationEmail (0.36); OrderItem.isModifiedPrice (0.29); ProductConfig.isMandatory (0.24),"auto-generated, unreviewed"
OFBiz,Inventory_and_Backorder_Validation.dmn,Backorder Auto-Cancel Decision,output,needToCancel,boolean,,,,"not-persisted (output/control-flow, default)",ProductStore.addToCartReplaceUpsell (0.29); OrderHeader.needsInventoryIssuance (0.26); ProductStore.addToCartRemoveIncompat (0.26),auto-generated
OFBiz,Manufacturing_Production_Run_Validation.dmn,Production Run Status Transition Validity,input,currentStatusId,string,WorkEffort,currentStatusId,1.0,"direct (auto, confident)",WorkEffort.currentStatusId (1.00); StatusItem.statusId (0.81); StatusValidChange.statusId (0.81),auto-generated
OFBiz,Manufacturing_Production_Run_Validation.dmn,Production Run Status Transition Validity,input,requestedStatusId,string,StatusItem,statusId,0.785,"direct (auto, confident)",StatusItem.statusId (0.78); StatusValidChange.statusId (0.78); InventoryItemStatus.statusId (0.78),auto-generated
OFBiz,Manufacturing_Production_Run_Validation.dmn,Production Run Status Transition Validity,input,allMandatoryPredecessorsCompleted,boolean,,,0.294,"likely derived (auto, low confidence -- needs review)",ProductConfig.isMandatory (0.29); ProductStorePaymentSetting.applyToAllProducts (0.22); ProductStore.addToCartRemoveIncompat (0.21),"auto-generated, unreviewed"
OFBiz,Manufacturing_Production_Run_Validation.dmn,Production Run Status Transition Validity,output,transitionAllowed,boolean,,,,"not-persisted (output/control-flow, default)",ProdCatalog.purchaseAllowPermReqd (0.24); StatusValidChange.transitionName (0.24); DesiredFeature.optionalInd (0.23),auto-generated
OFBiz,Manufacturing_Production_Run_Validation.dmn,Production Run Status Transition Validity,output,resultingStatusId,string,,,,"not-persisted (output/control-flow, default)",TestingStatus.testingStatusId (0.75); StatusItem.statusId (0.73); StatusValidChange.statusId (0.73),auto-generated
OFBiz,Manufacturing_Production_Run_Validation.dmn,Production Run Task Start Eligibility,input,currentTaskStatusId,string,WorkEffort,currentStatusId,0.86,"direct (auto, confident)",WorkEffort.currentStatusId (0.86); StatusItem.statusId (0.62); StatusValidChange.statusId (0.62),auto-generated
OFBiz,Manufacturing_Production_Run_Validation.dmn,Production Run Task Start Eligibility,input,requestedStatusId,string,StatusItem,statusId,0.735,"direct (auto, confident)",StatusItem.statusId (0.73); StatusValidChange.statusId (0.73); InventoryItemStatus.statusId (0.73),auto-generated
OFBiz,Manufacturing_Production_Run_Validation.dmn,Production Run Task Start Eligibility,input,allPrecedingTasksCompletedOrRunning,boolean,,,0.197,"likely derived (auto, low confidence -- needs review)",ProductStorePaymentSetting.applyToAllProducts (0.20); ProductPromoCode.requireEmailOrParty (0.19); ShipmentPackageRouteSeg.labelPrinted (0.17),"auto-generated, unreviewed"
OFBiz,Manufacturing_Production_Run_Validation.dmn,Production Run Task Start Eligibility,input,productionRunHeaderStatusId,string,MrpRunLog,runStatusId,0.691,"direct (auto, confident)",MrpRunLog.runStatusId (0.69); EntitySync.runStatusId (0.64); EntitySyncHistory.runStatusId (0.64),auto-generated
OFBiz,Manufacturing_Production_Run_Validation.dmn,Production Run Task Start Eligibility,output,taskStartAllowed,boolean,,,,"not-persisted (output/control-flow, default)",MailSmtpConfig.starttlsEnable (0.24); EnumerationType.hasTable (0.23); GeoType.hasTable (0.23),auto-generated
OFBiz,Manufacturing_Production_Run_Validation.dmn,Production Run Task Start Eligibility,output,reasonCode,string,,,,"not-persisted (output/control-flow, default)",ProductAssoc.reason (0.61); PersonTraining.reason (0.61); WorkEffortStatus.reason (0.61),auto-generated
OFBiz,Order_Item_Lifecycle.dmn,Order Item Cancelable Quantity,input,orderTypeId,string,PartyPrefDocTypeTpl,orderTypeId,1.0,"direct (auto, confident)",PartyPrefDocTypeTpl.orderTypeId (1.00); OrderHeader.orderTypeId (1.00); OrderType.orderTypeId (1.00),auto-generated
OFBiz,Order_Item_Lifecycle.dmn,Order Item Cancelable Quantity,input,requestedCancelQuantitySet,boolean,,,0.366,needs review (no confident match),Product.orderDecimalQuantity (0.37); ProductStore.orderDecimalQuantity (0.37); ProductPromoAction.useCartQuantity (0.33),"auto-generated, unreviewed"
OFBiz,Order_Item_Lifecycle.dmn,Order Item Cancelable Quantity,output,fulfilledQuantityColumn,string,,,,"not-persisted (output/control-flow, default)",Product.quantityUomId (0.36); SupplierProduct.quantityUomId (0.36); ShipmentCostEstimate.quantityUomId (0.36),auto-generated
OFBiz,Order_Item_Lifecycle.dmn,Order Item Cancelable Quantity,output,defaultCancelQuantitySource,string,,,,"not-persisted (output/control-flow, default)",InvoiceItemType.defaultGlAccountId (0.39); QuantityBreak.quantityBreakId (0.36); ProductStore.defaultPassword (0.35),auto-generated
OFBiz,Order_Item_Lifecycle.dmn,Order Item Returnability,input,productReturnable,string,ProductManufacturingRule,productFeature,0.532,"direct (auto, confident)",ProductManufacturingRule.productFeature (0.53); ShipmentItemFeature.productFeatureId (0.51); InvoiceItem.productFeatureId (0.51),auto-generated
OFBiz,Order_Item_Lifecycle.dmn,Order Item Returnability,input,supportDiscontinuationDateSet,boolean,,,0.293,needs review (no confident match),Product.supportDiscontinuationDate (0.29); OrderHeaderNote.internalNote (0.23); Product.salesDiscontinuationDate (0.20),"auto-generated, unreviewed"
OFBiz,Order_Item_Lifecycle.dmn,Order Item Returnability,input,supportDiscontinuationDate,date,Product,supportDiscontinuationDate,1.0,"direct (auto, confident)",Product.supportDiscontinuationDate (1.00); Product.salesDiscontinuationDate (0.64); OrderNotification.notificationDate (0.44),auto-generated
OFBiz,Order_Item_Lifecycle.dmn,Order Item Returnability,input,itemStatus,string,PicklistItem,itemStatusId,0.876,"direct (auto, confident)",PicklistItem.itemStatusId (0.88); ReturnItem.expectedItemStatus (0.79); ProductStore.itemCancelStatus (0.76),auto-generated
OFBiz,Order_Item_Lifecycle.dmn,Order Item Returnability,output,returnable,boolean,,,,"not-persisted (output/control-flow, default)",Product.returnable (1.00); FinAccount.isRefundable (0.33); FinAccountType.isRefundable (0.33),auto-generated
OFBiz,Order_Item_Lifecycle.dmn,Returnable Quantity Calculation,input,returnable,boolean,Product,returnable,1.0,"direct (auto, confident)",Product.returnable (1.00); FinAccount.isRefundable (0.33); FinAccountType.isRefundable (0.33),auto-generated
OFBiz,Order_Item_Lifecycle.dmn,Returnable Quantity Calculation,input,alreadyReturnedQtyGeOrderQty,boolean,,,0.29,needs review (no confident match),OrderHeader.isRushOrder (0.29); ProductStore.explodeOrderItems (0.26); ProductStore.balanceResOnOrderCreation (0.25),"auto-generated, unreviewed"
OFBiz,Order_Item_Lifecycle.dmn,Returnable Quantity Calculation,output,returnableQuantityFormula,string,,,,"not-persisted (output/control-flow, default)",QuantityBreak.quantityBreakId (0.39); Product.quantityUomId (0.35); SupplierProduct.quantityUomId (0.35),auto-generated
OFBiz,Order_Item_Lifecycle.dmn,Return Item Completion Classification,input,itemStatus,string,PicklistItem,itemStatusId,0.876,"direct (auto, confident)",PicklistItem.itemStatusId (0.88); ReturnItem.expectedItemStatus (0.79); ProductStore.itemCancelStatus (0.76),auto-generated
OFBiz,Order_Item_Lifecycle.dmn,Return Item Completion Classification,input,returnHeaderStatus,string,ReturnStatus,returnStatusId,0.713,"direct (auto, confident)",ReturnStatus.returnStatusId (0.71); ReturnHeader.returnHeaderTypeId (0.65); ReturnHeaderType.returnHeaderTypeId (0.65),auto-generated
OFBiz,Order_Item_Lifecycle.dmn,Return Item Completion Classification,input,productIsPhysical,boolean,ProductType,isPhysical,0.7,"direct (auto, confident)",ProductType.isPhysical (0.70); TrackingCodeOrder.isBillable (0.35); TrackingCodeOrderReturn.isBillable (0.35),auto-generated
OFBiz,Order_Item_Lifecycle.dmn,Return Item Completion Classification,output,itemCountsAsCompleted,boolean,,,,"not-persisted (output/control-flow, default)",OrderItem.isItemGroupPrimary (0.29); TrackingCodeOrder.hasExported (0.22); TrackingCodeOrderReturn.hasExported (0.22),auto-generated
OFBiz,Order_Item_Lifecycle.dmn,Return Header Next Status,input,currentStatus,string,WorkEffort,currentStatusId,0.835,"direct (auto, confident)",WorkEffort.currentStatusId (0.83); StatusItem.statusId (0.54); StatusValidChange.statusId (0.54),auto-generated
OFBiz,Order_Item_Lifecycle.dmn,Return Header Next Status,input,allItemsComplete,boolean,,,0.274,"likely derived (auto, low confidence -- needs review)",ProductStore.explodeOrderItems (0.27); ProductStore.allowComment (0.26); ProductStore.autoInvoiceDigitalItems (0.25),"auto-generated, unreviewed"
OFBiz,Order_Item_Lifecycle.dmn,Return Header Next Status,output,nextStatus,string,,,,"not-persisted (output/control-flow, default)",StatusItem.statusId (0.53); StatusValidChange.statusId (0.53); TestingStatus.statusId (0.53),auto-generated
OFBiz,Order_Item_Lifecycle.dmn,Refund Amount Validity,input,returnAmount,number,BudgetItem,amount,0.625,"direct (auto, confident)",BudgetItem.amount (0.62); InvoiceItem.amount (0.62); InvoiceItemAssoc.amount (0.62),auto-generated
OFBiz,Order_Item_Lifecycle.dmn,Refund Amount Validity,input,orderGrandTotal,number,OrderHeader,grandTotal,0.777,"derived (auto, needs formula review)",OrderHeader.grandTotal (0.78); ProductSearchResult.secondsTotal (0.40); ContentSearchResult.secondsTotal (0.40),auto-generated
OFBiz,Order_Item_Lifecycle.dmn,Refund Amount Validity,output,refundAmountValid,boolean,,,,"not-persisted (output/control-flow, default)",Product.requireAmount (0.41); CatalinaSession.isValid (0.33); FinAccount.isRefundable (0.25),auto-generated
OFBiz,Order_Item_Lifecycle.dmn,Refund Amount Validity,output,reasonCode,string,,,,"not-persisted (output/control-flow, default)",ProductAssoc.reason (0.61); PersonTraining.reason (0.61); WorkEffortStatus.reason (0.61),auto-generated
OFBiz,Payment_Authorization_Validation.dmn,Payment Authorization Result Status,input,authResult,boolean,PaymentGatewayResponse,resultNsf,0.518,"direct (auto, confident)",PaymentGatewayResponse.resultNsf (0.52); PaymentGatewayResponse.resultDeclined (0.46); JobTracker.persistResult (0.46),auto-generated
OFBiz,Payment_Authorization_Validation.dmn,Payment Authorization Result Status,output,newStatusId,string,,,,"not-persisted (output/control-flow, default)",StatusItem.statusId (0.83); StatusValidChange.statusId (0.83); InventoryItemStatus.statusId (0.83),auto-generated
OFBiz,Payment_Authorization_Validation.dmn,Auto-Order NSF Retry Eligibility,input,resultNsf,boolean,PaymentGatewayResponse,resultNsf,1.0,"direct (auto, confident)",PaymentGatewayResponse.resultNsf (1.00); PaymentGatewayResponse.resultDeclined (0.51); JobTracker.persistResult (0.43),auto-generated
OFBiz,Payment_Authorization_Validation.dmn,Auto-Order NSF Retry Eligibility,input,isAutoOrder,boolean,OrderHeader,isRushOrder,0.652,"direct (auto, confident)",OrderHeader.isRushOrder (0.65); ProductStore.autoApproveOrder (0.57); ProductStore.autoOrderCcTryExp (0.47),auto-generated
OFBiz,Payment_Authorization_Validation.dmn,Auto-Order NSF Retry Eligibility,input,productStoreAllowsNsfRetry,boolean,OrderPaymentPreference,needsNsfRetry,0.464,"direct (auto, confident)",OrderPaymentPreference.needsNsfRetry (0.46); PaymentGatewayResponse.resultNsf (0.30); ProdCatalog.purchaseAllowPermReqd (0.23),auto-generated
OFBiz,Payment_Authorization_Validation.dmn,Auto-Order NSF Retry Eligibility,input,maxRetriesConfigured,boolean,,,0.235,needs review (no confident match),PaymentGatewayResponse.resultDeclined (0.24); PartyContactMech.verified (0.23); TrackingCodeOrder.hasExported (0.22),"auto-generated, unreviewed"
OFBiz,Payment_Authorization_Validation.dmn,Auto-Order NSF Retry Eligibility,input,failedNsfTriesUnderMax,boolean,,,0.309,needs review (no confident match),OrderPaymentPreference.needsNsfRetry (0.31); PaymentGatewayResponse.resultNsf (0.26); ProductStore.retryFailedAuths (0.24),"auto-generated, unreviewed"
OFBiz,Payment_Authorization_Validation.dmn,Auto-Order NSF Retry Eligibility,output,needsNsfRetry,boolean,,,,"not-persisted (output/control-flow, default)",OrderPaymentPreference.needsNsfRetry (1.00); OrderHeader.needsInventoryIssuance (0.42); PaymentGatewayResponse.resultNsf (0.39),auto-generated
OFBiz,Shipment_Cost_Estimation.dmn,Shipment Cost Estimate Applicability,input,geoRestrictionSet,boolean,,,0.237,needs review (no confident match),WorkEffort.sendNotificationEmail (0.24); SurveyResponseAnswer.booleanResponse (0.23); ProductStore.balanceResOnOrderCreation (0.21),"auto-generated, unreviewed"
OFBiz,Shipment_Cost_Estimation.dmn,Shipment Cost Estimate Applicability,input,shipAddressKnown,boolean,,,0.306,needs review (no confident match),ProductStore.reqShipAddrForDigItems (0.31); ProductStore.shipIfCaptureFails (0.30); SupplierProduct.canDropShip (0.24),"auto-generated, unreviewed"
OFBiz,Shipment_Cost_Estimation.dmn,Shipment Cost Estimate Applicability,input,shipAddressMatchesGeo,boolean,,,0.27,"likely derived (auto, low confidence -- needs review)",ProductStore.reqShipAddrForDigItems (0.27); ProductStore.shipIfCaptureFails (0.26); ProductStoreShipmentMeth.allowUspsAddr (0.21),"auto-generated, unreviewed"
OFBiz,Shipment_Cost_Estimation.dmn,Shipment Cost Estimate Applicability,input,allConfiguredQuantityBreaksSatisfied,boolean,,,0.255,"likely derived (auto, low confidence -- needs review)",ProductPromoAction.useCartQuantity (0.26); ProductStoreShipmentMeth.requireUspsAddr (0.24); Product.orderDecimalQuantity (0.24),"auto-generated, unreviewed"
OFBiz,Shipment_Cost_Estimation.dmn,Shipment Cost Estimate Applicability,output,estimateApplicable,boolean,,,,"not-persisted (output/control-flow, default)",CostComponentType.hasTable (0.26); ShipmentGatewayConfigType.hasTable (0.26); ShipmentType.hasTable (0.26),auto-generated
PrestaShop,Cart_Rule_Combinability_and_Product_Scope.dmn,Cart Rule Non-Combinability Resolution,input,bothRestrictNonCombinable,boolean,,,0.295,needs review (no confident match),cart_rule.country_restriction (0.30); cart_rule.product_restriction (0.30); cart_rule.shop_restriction (0.29),"auto-generated, unreviewed"
PrestaShop,Cart_Rule_Combinability_and_Product_Scope.dmn,Cart Rule Non-Combinability Resolution,input,explicitlyDeclaredCombinable,boolean,,,0.23,needs review (no confident match),product_download.is_shareable (0.23); cart.recyclable (0.22); cart_rule.reduction_tax (0.20),"auto-generated, unreviewed"
PrestaShop,Cart_Rule_Combinability_and_Product_Scope.dmn,Cart Rule Non-Combinability Resolution,input,existingRulePriority,number,cart_rule,priority,0.49,"direct (auto, confident)",cart_rule.priority (0.49); specific_price_priority.id_specific_price_priority (0.35); cart_rule.id_cart_rule_type (0.34),auto-generated
PrestaShop,Cart_Rule_Combinability_and_Product_Scope.dmn,Cart Rule Non-Combinability Resolution,input,thisRulePriority,number,cart_rule,priority,0.533,"direct (auto, confident)",cart_rule.priority (0.53); specific_price_priority.id_specific_price_priority (0.35); cart_rule.id_cart_rule_type (0.33),auto-generated
PrestaShop,Cart_Rule_Combinability_and_Product_Scope.dmn,Cart Rule Non-Combinability Resolution,output,outcome,string,,,,"not-persisted (output/control-flow, default)",address.postcode (0.30); store.postcode (0.30); cart_rule.code (0.30),auto-generated
PrestaShop,Cart_Rule_Combinability_and_Product_Scope.dmn,Cart Rule Product Rule Group Satisfaction,input,productRuleGroupType,string,product,product_type,0.684,"direct (auto, confident)",product.product_type (0.68); attribute_group.group_type (0.65); specific_price_rule.reduction_type (0.47),auto-generated
PrestaShop,Cart_Rule_Combinability_and_Product_Scope.dmn,Cart Rule Product Rule Group Satisfaction,input,anyProductRuleFailed,boolean,,,0.391,"likely derived (auto, low confidence -- needs review)",cart_rule.product_restriction (0.39); cart_rule.cart_rule_restriction (0.32); cart_rule_product_rule.id_product_rule (0.23),"auto-generated, unreviewed"
PrestaShop,Cart_Rule_Combinability_and_Product_Scope.dmn,Cart Rule Product Rule Group Satisfaction,input,allProductRulesFailed,boolean,,,0.408,"likely derived (auto, low confidence -- needs review)",cart_rule.product_restriction (0.41); image_type.products (0.25); cart_rule.cart_rule_restriction (0.24),"auto-generated, unreviewed"
PrestaShop,Cart_Rule_Combinability_and_Product_Scope.dmn,Cart Rule Product Rule Group Satisfaction,output,groupSatisfied,boolean,,,,"not-persisted (output/control-flow, default)",cart_rule.group_restriction (0.47); attribute_group.is_color_group (0.35); currency.modified (0.25),auto-generated
PrestaShop,Cart_Rule_Validity.dmn,Cart Rule Basic Availability,input,active,boolean,address,active,1.0,"direct (auto, confident)",address.active (1.00); alias.active (1.00); carrier.active (1.00),auto-generated
PrestaShop,Cart_Rule_Validity.dmn,Cart Rule Basic Availability,input,quantitySet,boolean,product,quantity_discount,0.505,"direct (auto, confident)",product.quantity_discount (0.50); order_detail.discount_quantity_applied (0.36); cart_rule.quantity (0.28),auto-generated
PrestaShop,Cart_Rule_Validity.dmn,Cart Rule Basic Availability,input,quantity,number,cart_rule,quantity,1.0,"direct (auto, confident)",cart_rule.quantity (1.00); cart_rule_product_rule_group.quantity (1.00); cart_product.quantity (1.00),auto-generated
PrestaShop,Cart_Rule_Validity.dmn,Cart Rule Basic Availability,input,dateFrom,date,cart_rule,date_from,1.0,"direct (auto, confident)",cart_rule.date_from (1.00); employee.stats_date_from (0.68); specific_price_rule.from (0.62),auto-generated
PrestaShop,Cart_Rule_Validity.dmn,Cart Rule Basic Availability,input,dateToSet,boolean,,,0.296,needs review (no confident match),cart_rule.date_to (0.30); image_type.categories (0.24); cart_rule.partial_use (0.23),"auto-generated, unreviewed"
PrestaShop,Cart_Rule_Validity.dmn,Cart Rule Basic Availability,input,dateTo,date,cart_rule,date_to,1.0,"direct (auto, confident)",cart_rule.date_to (1.00); employee.stats_date_to (0.65); specific_price_rule.to (0.55),auto-generated
PrestaShop,Cart_Rule_Validity.dmn,Cart Rule Basic Availability,output,valid,boolean,,,,"not-persisted (output/control-flow, default)",orders.valid (0.35); order_state.paid (0.30); tab.enabled (0.23),auto-generated
PrestaShop,Cart_Rule_Validity.dmn,Cart Rule Basic Availability,output,reasonCode,string,,,,"not-persisted (output/control-flow, default)",cart_rule.code (0.58); country.iso_code (0.48); currency.iso_code (0.48),auto-generated
PrestaShop,Cart_Rule_Validity.dmn,Cart Rule Per-Customer Usage Limit,input,customerIdentified,boolean,,,0.448,needs review (no confident match),contact.customer_service (0.45); shop_group.share_customer (0.41); cart_rule.country_restriction (0.24),"auto-generated, unreviewed"
PrestaShop,Cart_Rule_Validity.dmn,Cart Rule Per-Customer Usage Limit,input,quantityPerUserConfigured,boolean,,,0.367,needs review (no confident match),product.quantity_discount (0.37); order_detail.discount_quantity_applied (0.31); cart_rule.quantity_per_user (0.31),"auto-generated, unreviewed"
PrestaShop,Cart_Rule_Validity.dmn,Cart Rule Per-Customer Usage Limit,input,quantityUsedExceedsLimit,boolean,,,0.33,needs review (no confident match),product.quantity_discount (0.33); order_detail.discount_quantity_applied (0.28); cart_rule.reduction_exclude_special (0.22),"auto-generated, unreviewed"
PrestaShop,Cart_Rule_Validity.dmn,Cart Rule Per-Customer Usage Limit,output,usageLimitValid,boolean,,,,"not-persisted (output/control-flow, default)",customer.deleted (0.21); order_cart_rule.deleted (0.21); order_state.unremovable (0.21),auto-generated
PrestaShop,Cart_Rule_Validity.dmn,Cart Rule Restriction Scope Validity,input,groupRestrictionActive,boolean,cart_rule,group_restriction,0.786,"direct (auto, confident)",cart_rule.group_restriction (0.79); cart_rule.shop_restriction (0.50); cart_rule.product_restriction (0.49),auto-generated
PrestaShop,Cart_Rule_Validity.dmn,Cart Rule Restriction Scope Validity,input,groupMatchFound,boolean,,,0.441,"likely derived (auto, low confidence -- needs review)",cart_rule.group_restriction (0.44); attribute_group.is_color_group (0.27); cart_rule.product_restriction (0.24),"auto-generated, unreviewed"
PrestaShop,Cart_Rule_Validity.dmn,Cart Rule Restriction Scope Validity,input,countryRestrictionActive,boolean,cart_rule,country_restriction,0.793,"direct (auto, confident)",cart_rule.country_restriction (0.79); cart_rule.group_restriction (0.47); cart_rule.carrier_restriction (0.46),auto-generated
PrestaShop,Cart_Rule_Validity.dmn,Cart Rule Restriction Scope Validity,input,deliveryAddressKnown,boolean,,,0.44,needs review (no confident match),order_state.delivery (0.44); supply_order_state.delivery_note (0.41); business_entity.delivery_authorized (0.37),"auto-generated, unreviewed"
PrestaShop,Cart_Rule_Validity.dmn,Cart Rule Restriction Scope Validity,input,countryMatchFound,boolean,cart_rule,country_restriction,0.463,"derived (auto, needs formula review)",cart_rule.country_restriction (0.46); cart_rule.group_restriction (0.24); cart_rule.cart_rule_restriction (0.22),auto-generated
PrestaShop,Cart_Rule_Validity.dmn,Cart Rule Restriction Scope Validity,input,carrierRestrictionActive,boolean,cart_rule,carrier_restriction,0.793,"direct (auto, confident)",cart_rule.carrier_restriction (0.79); cart_rule.cart_rule_restriction (0.48); cart_rule.country_restriction (0.46),auto-generated
PrestaShop,Cart_Rule_Validity.dmn,Cart Rule Restriction Scope Validity,input,carrierChosen,boolean,cart_rule,carrier_restriction,0.515,"direct (auto, confident)",cart_rule.carrier_restriction (0.51); cart_rule.cart_rule_restriction (0.26); cart_rule.country_restriction (0.25),auto-generated
PrestaShop,Cart_Rule_Validity.dmn,Cart Rule Restriction Scope Validity,input,carrierMatchFound,boolean,cart_rule,carrier_restriction,0.463,"derived (auto, needs formula review)",cart_rule.carrier_restriction (0.46); cart_rule.cart_rule_restriction (0.24); cart_rule.product_restriction (0.23),auto-generated
PrestaShop,Cart_Rule_Validity.dmn,Cart Rule Restriction Scope Validity,output,validAgainstRestrictions,boolean,,,,"not-persisted (output/control-flow, default)",cart_rule.country_restriction (0.32); cart_rule.carrier_restriction (0.32); cart_rule.product_restriction (0.32),auto-generated
PrestaShop,Cart_Rule_Validity.dmn,Cart Rule Restriction Scope Validity,output,violatedRestrictionReason,string,,,,"not-persisted (output/control-flow, default)",cart_rule.description (0.28); cart_rule_type_lang.description (0.28); tax_rule.description (0.28),auto-generated
PrestaShop,Cart_Rule_Validity.dmn,Cart Rule Minimum Amount Validity,input,minimumAmount,number,cart_rule,minimum_amount,1.0,"direct (auto, confident)",cart_rule.minimum_amount (1.00); cart_rule.minimum_amount_currency (0.74); order_invoice_tax.amount (0.56),auto-generated
PrestaShop,Cart_Rule_Validity.dmn,Cart Rule Minimum Amount Validity,input,cartTotalBelowMinimumAmount,boolean,cart_rule,minimum_amount_tax,0.493,"derived (auto, needs formula review)",cart_rule.minimum_amount_tax (0.49); cart_rule.minimum_amount_shipping (0.47); cart_rule.cart_rule_restriction (0.26),auto-generated
PrestaShop,Cart_Rule_Validity.dmn,Cart Rule Minimum Amount Validity,output,minimumAmountValid,boolean,,,,"not-persisted (output/control-flow, default)",cart_rule.minimum_amount_tax (0.68); cart_rule.minimum_amount_shipping (0.63); cart_rule.minimum_amount (0.31),auto-generated
PrestaShop,Cart_Rule_Validity.dmn,Cart Rule Gift Product Eligibility,input,giftProductConfigured,boolean,,,0.413,needs review (no confident match),cart_rule.product_restriction (0.41); cart.gift (0.38); orders.gift (0.33),"auto-generated, unreviewed"
PrestaShop,Cart_Rule_Validity.dmn,Cart Rule Gift Product Eligibility,input,giftProductExists,boolean,,,0.438,"likely derived (auto, low confidence -- needs review)",cart_rule.product_restriction (0.44); cart.gift (0.40); orders.gift (0.35),"auto-generated, unreviewed"
PrestaShop,Cart_Rule_Validity.dmn,Cart Rule Gift Product Eligibility,input,giftProductAvailableForOrder,boolean,product,available_for_order,0.706,"direct (auto, confident)",product.available_for_order (0.71); product_shop.available_for_order (0.71); cart_rule.product_restriction (0.31),auto-generated
PrestaShop,Cart_Rule_Validity.dmn,Cart Rule Gift Product Eligibility,input,minimalQuantity,number,product,minimal_quantity,1.0,"direct (auto, confident)",product.minimal_quantity (1.00); product_shop.minimal_quantity (1.00); product_attribute.minimal_quantity (1.00),auto-generated
PrestaShop,Cart_Rule_Validity.dmn,Cart Rule Gift Product Eligibility,input,giftProductRequiresCustomization,boolean,,,0.425,needs review (no confident match),cart_rule.product_restriction (0.42); cart.gift (0.29); cart_rule.group_restriction (0.27),"auto-generated, unreviewed"
PrestaShop,Cart_Rule_Validity.dmn,Cart Rule Gift Product Eligibility,input,giftProductQuantityAvailable,number,order_detail,product_quantity,0.582,"direct (auto, confident)",order_detail.product_quantity (0.58); order_return_detail.product_quantity (0.58); order_slip_detail.product_quantity (0.58),auto-generated
PrestaShop,Cart_Rule_Validity.dmn,Cart Rule Gift Product Eligibility,input,giftProductOutOfStockDenies,boolean,stock_available,out_of_stock,0.506,"direct (auto, confident)",stock_available.out_of_stock (0.51); cart_rule.product_restriction (0.34); product.advanced_stock_management (0.27),auto-generated
PrestaShop,Cart_Rule_Validity.dmn,Cart Rule Gift Product Eligibility,output,giftProductValid,boolean,,,,"not-persisted (output/control-flow, default)",cart.gift (0.41); cart_rule.product_restriction (0.39); orders.gift (0.36),auto-generated
PrestaShop,Cart_Rule_Validity.dmn,Cart Rule Gift Product Eligibility,output,reasonCode,string,,,,"not-persisted (output/control-flow, default)",cart_rule.code (0.58); country.iso_code (0.48); currency.iso_code (0.48),auto-generated
PrestaShop,Specific_Price_and_Tax_Rules.dmn,Specific Price Row Applicability,input,idShop,number,specific_price,id_shop,1.0,"direct (auto, confident)",specific_price.id_shop (1.00); tax_rules_group_shop.id_shop (1.00); specific_price_rule.id_shop (1.00),auto-generated
PrestaShop,Specific_Price_and_Tax_Rules.dmn,Specific Price Row Applicability,input,contextShopId,number,specific_price,id_shop,0.597,"direct (auto, confident)",specific_price.id_shop (0.60); tax_rules_group_shop.id_shop (0.60); specific_price_rule.id_shop (0.60),auto-generated
PrestaShop,Specific_Price_and_Tax_Rules.dmn,Specific Price Row Applicability,input,idCurrency,number,specific_price,id_currency,1.0,"direct (auto, confident)",specific_price.id_currency (1.00); specific_price_rule.id_currency (1.00); cart.id_currency (0.98),auto-generated
PrestaShop,Specific_Price_and_Tax_Rules.dmn,Specific Price Row Applicability,input,contextCurrencyId,number,specific_price,id_currency,0.674,"direct (auto, confident)",specific_price.id_currency (0.67); specific_price_rule.id_currency (0.67); cart.id_currency (0.62),auto-generated
PrestaShop,Specific_Price_and_Tax_Rules.dmn,Specific Price Row Applicability,input,idCountry,number,specific_price,id_country,1.0,"direct (auto, confident)",specific_price.id_country (1.00); product_country_tax.id_country (1.00); tax_rule.id_country (1.00),auto-generated
PrestaShop,Specific_Price_and_Tax_Rules.dmn,Specific Price Row Applicability,input,contextCountryId,number,specific_price,id_country,0.659,"direct (auto, confident)",specific_price.id_country (0.66); product_country_tax.id_country (0.66); tax_rule.id_country (0.66),auto-generated
PrestaShop,Specific_Price_and_Tax_Rules.dmn,Specific Price Row Applicability,input,idGroup,number,specific_price,id_group,1.0,"direct (auto, confident)",specific_price.id_group (1.00); specific_price_rule.id_group (1.00); cart_rule_group.id_group (0.97),auto-generated
PrestaShop,Specific_Price_and_Tax_Rules.dmn,Specific Price Row Applicability,input,contextGroupId,number,specific_price,id_group,0.621,"direct (auto, confident)",specific_price.id_group (0.62); specific_price_rule.id_group (0.62); cart_rule_group.id_group (0.57),auto-generated
PrestaShop,Specific_Price_and_Tax_Rules.dmn,Specific Price Row Applicability,input,quantityThresholdMet,boolean,,,0.356,needs review (no confident match),product.quantity_discount (0.36); order_detail.discount_quantity_applied (0.31); order_state.unremovable (0.20),"auto-generated, unreviewed"
PrestaShop,Specific_Price_and_Tax_Rules.dmn,Specific Price Row Applicability,input,dateWindowActive,boolean,tax,active,0.479,"direct (auto, confident)",tax.active (0.48); address.active (0.43); alias.active (0.43),auto-generated
PrestaShop,Specific_Price_and_Tax_Rules.dmn,Specific Price Row Applicability,output,rowApplicable,boolean,,,,"not-persisted (output/control-flow, default)",cart.recyclable (0.23); orders.recyclable (0.23); product.show_price (0.23),auto-generated
PrestaShop,Specific_Price_and_Tax_Rules.dmn,Specific Price Selection Precedence Tier,input,hasProductAttributeMatch,boolean,,,0.34,"likely derived (auto, low confidence -- needs review)",cart_rule.product_restriction (0.34); product.cache_has_attachments (0.27); specific_price.id_product_attribute (0.24),"auto-generated, unreviewed"
PrestaShop,Specific_Price_and_Tax_Rules.dmn,Specific Price Selection Precedence Tier,input,isCartSpecific,boolean,,,0.352,needs review (no confident match),cart_rule_type.is_core (0.35); customization.in_cart (0.35); supply_order.is_template (0.32),"auto-generated, unreviewed"
PrestaShop,Specific_Price_and_Tax_Rules.dmn,Specific Price Selection Precedence Tier,input,fromQuantity,number,specific_price,from_quantity,1.0,"direct (auto, confident)",specific_price.from_quantity (1.00); specific_price_rule.from_quantity (1.00); cart_rule.quantity (0.64),auto-generated
PrestaShop,Specific_Price_and_Tax_Rules.dmn,Specific Price Selection Precedence Tier,input,isGeneratedByCatalogPriceRule,boolean,,,0.24,needs review (no confident match),customization_field.is_deleted (0.24); product.show_price (0.24); product_shop.show_price (0.24),"auto-generated, unreviewed"
PrestaShop,Specific_Price_and_Tax_Rules.dmn,Specific Price Selection Precedence Tier,output,precedenceTier,string,,,,"not-persisted (output/control-flow, default)",orders.reference (0.27); product.reference (0.27); product_attribute.reference (0.27),auto-generated
PrestaShop,Specific_Price_and_Tax_Rules.dmn,Tax Rule Row Accumulation And Method Selection,input,isFirstMatchedRow,boolean,,,0.335,"likely derived (auto, low confidence -- needs review)",supply_order.is_template (0.34); cart_rule_type.is_core (0.31); product.is_virtual (0.31),"auto-generated, unreviewed"
PrestaShop,Specific_Price_and_Tax_Rules.dmn,Tax Rule Row Accumulation And Method Selection,input,rowBehavior,string,,,0.329,needs review (no confident match),tax_rule.behavior (0.33); specific_price.reduction_type (0.24); specific_price_rule.reduction_type (0.24),"auto-generated, unreviewed"
PrestaShop,Specific_Price_and_Tax_Rules.dmn,Tax Rule Row Accumulation And Method Selection,output,recordAsCalculatorMethod,boolean,,,,"not-persisted (output/control-flow, default)",order_detail.tax_computation_method (0.33); cart_rule.reduction_exclude_special (0.22); order_cart_rule.deleted (0.20),auto-generated
PrestaShop,Specific_Price_and_Tax_Rules.dmn,Tax Rule Row Accumulation And Method Selection,output,continueToNextRow,boolean,,,,"not-persisted (output/control-flow, default)",cart_rule.country_restriction (0.25); product.online_only (0.23); product_shop.online_only (0.23),auto-generated
PrestaShop,Specific_Price_and_Tax_Rules.dmn,Tax Total Rate Calculation Method,input,computationMethod,string,webservice_permission,method,0.56,"direct (auto, confident)",webservice_permission.method (0.56); order_payment.payment_method (0.47); order_detail.tax_computation_method (0.32),auto-generated
PrestaShop,Specific_Price_and_Tax_Rules.dmn,Tax Total Rate Calculation Method,output,rateFormula,string,,,,"not-persisted (output/control-flow, default)",lang.date_format_full (0.30); lang.date_format_lite (0.27); address_format.format (0.26),auto-generated
PrestaShop,Stock_and_Order_Fulfillment_Rules.dmn,Product Orderability When Stock Depleted,input,quantityAvailable,number,cart_rule_product_rule_group,quantity,0.613,"direct (auto, confident)",cart_rule_product_rule_group.quantity (0.61); cart_product.quantity (0.61); product.quantity (0.61),auto-generated
PrestaShop,Stock_and_Order_Fulfillment_Rules.dmn,Product Orderability When Stock Depleted,input,outOfStockSetting,string,product_lang,delivery_out_stock,0.476,"direct (auto, confident)",product_lang.delivery_out_stock (0.48); product.out_of_stock (0.30); stock_available.out_of_stock (0.30),auto-generated
PrestaShop,Stock_and_Order_Fulfillment_Rules.dmn,Product Orderability When Stock Depleted,input,globalOutOfStockConfigDenies,boolean,stock_available,out_of_stock,0.55,"direct (auto, confident)",stock_available.out_of_stock (0.55); product.advanced_stock_management (0.29); product_shop.advanced_stock_management (0.29),auto-generated
PrestaShop,Stock_and_Order_Fulfillment_Rules.dmn,Product Orderability When Stock Depleted,output,canOrder,boolean,,,,"not-persisted (output/control-flow, default)",shop_group.share_order (0.47); product.available_for_order (0.39); product_shop.available_for_order (0.39),auto-generated
PrestaShop,Stock_and_Order_Fulfillment_Rules.dmn,Order Return Requested Quantity Validity,input,requestedQuantityProvidedForLine,boolean,,,0.35,needs review (no confident match),order_detail.discount_quantity_applied (0.35); product.quantity_discount (0.28); order_cart_rule.free_shipping (0.21),"auto-generated, unreviewed"
PrestaShop,Stock_and_Order_Fulfillment_Rules.dmn,Order Return Requested Quantity Validity,input,requestedQuantityExceedsRemainingOrderedQuantity,boolean,,,0.277,"likely derived (auto, low confidence -- needs review)",order_detail.discount_quantity_applied (0.28); product.quantity_discount (0.27); order_return_state.is_cancelling_return (0.21),"auto-generated, unreviewed"
PrestaShop,Stock_and_Order_Fulfillment_Rules.dmn,Order Return Requested Quantity Validity,output,returnLineRequestValid,boolean,,,,"not-persisted (output/control-flow, default)",order_return_state.is_cancelling_return (0.27); module_preference.interest (0.21); order_slip.partial (0.21),auto-generated
PrestaShop,Stock_and_Order_Fulfillment_Rules.dmn,Order State Invoice Availability,input,globalInvoiceFeatureEnabled,boolean,,,0.373,needs review (no confident match),order_state.invoice (0.37); order_state.pdf_invoice (0.33); tab.enabled (0.32),"auto-generated, unreviewed"
PrestaShop,Stock_and_Order_Fulfillment_Rules.dmn,Order State Invoice Availability,input,orderStateInvoiceFlag,boolean,,,0.413,needs review (no confident match),order_state.invoice (0.41); order_state.pdf_invoice (0.39); order_return.state (0.36),"auto-generated, unreviewed"
PrestaShop,Stock_and_Order_Fulfillment_Rules.dmn,Order State Invoice Availability,output,invoiceAvailable,boolean,,,,"not-persisted (output/control-flow, default)",order_state.invoice (0.60); order_state.pdf_invoice (0.47); product.available_for_order (0.37),auto-generated
