evaluations,database_index,rule_id
55,0,Decision_BirthdateValidity_Rule_1
55,0,Decision_ConceptFullySpecifiedNamePresenceRequirement_Rule_2
55,0,Decision_ConceptFullySpecifiedNameUniquenessPerLocale_Rule_2
55,0,Decision_ConceptLocalePreferredNameUniqueness_Rule_2
55,0,Decision_ConceptPreferredNameValidity_Rule_1
55,0,Decision_ConceptShortNameUniquenessPerLocale_Rule_2
55,0,Decision_DeathRecordConsistency_Rule_1
55,0,Decision_DeathRecordConsistency_Rule_2
55,0,Decision_IdentifierLocationRequirement_Rule_1
55,0,Decision_IdentifierUniquenessCheck_Rule_3
55,0,Decision_NumericAbsoluteRangeValidity_Rule_3
55,0,Decision_NumericInterpretationClassification_Rule_5
55,0,Decision_NumericPrecisionValidity_Rule_1
55,0,Decision_OrderScheduledDateUrgencyConsistency_Rule_2
55,0,Decision_PatientStateDateValidity_Rule_1
55,0,Decision_PatientStateDateValidity_Rule_2
55,0,Decision_PatientStateDateValidity_Rule_3
55,0,Decision_PatientStateDateValidity_Rule_4
55,0,Decision_PreferredIdentifierRequirement_Rule_1
110,1,Decision_OrderScheduledDateUrgencyConsistency_Rule_4
330,5,Decision_DeathRecordConsistency_Rule_5
440,7,Decision_PreferredIdentifierRequirement_Rule_3
550,9,Decision_IdentifierFormatAndCheckDigitValidity_Rule_4
880,15,Decision_DeathRecordConsistency_Rule_4
880,15,Decision_IdentifierFormatAndCheckDigitValidity_Rule_2
935,16,Decision_PreferredIdentifierRequirement_Rule_2
1045,18,Decision_ConceptPreferredNameValidity_Rule_4
1375,24,Decision_ConceptPreferredNameValidity_Rule_5
2750,49,Decision_DeathRecordConsistency_Rule_3
1035705,18830,Decision_IdentifierFormatAndCheckDigitValidity_Rule_3
1414215,25712,Decision_IdentifierUniquenessCheck_Rule_2
