pool_index,database_index,new_rules_when_generated,num_rules_verified,rules_verified
0,0,Decision_AttendanceEligibility_Rule_2; Decision_CourseReplacementEligibility_Rule_2; Decision_CreditTransferExemption_Rule_2; Decision_GraduationEligibility_Rule_1; Decision_GraduationEligibility_Rule_2; Decision_GraduationEligibility_Rule_3; Decision_SummerSemesterRegistration_Rule_4,7,Decision_AttendanceEligibility_Rule_2; Decision_CourseReplacementEligibility_Rule_2; Decision_CreditTransferExemption_Rule_2; Decision_GraduationEligibility_Rule_1; Decision_GraduationEligibility_Rule_2; Decision_GraduationEligibility_Rule_3; Decision_SummerSemesterRegistration_Rule_4
1,1,Decision_CourseRegistrationEligibility_Rule_1; Decision_CreditTransferExemption_Rule_3,7,Decision_CourseRegistrationEligibility_Rule_1; Decision_CourseReplacementEligibility_Rule_2; Decision_CreditTransferExemption_Rule_3; Decision_GraduationEligibility_Rule_1; Decision_GraduationEligibility_Rule_2; Decision_GraduationEligibility_Rule_3; Decision_SummerSemesterRegistration_Rule_4
2,2,Decision_CreditTransferExemption_Rule_1; Decision_SummerSemesterRegistration_Rule_2,10,Decision_AttendanceEligibility_Rule_2; Decision_CourseRegistrationEligibility_Rule_1; Decision_CourseReplacementEligibility_Rule_2; Decision_CreditTransferExemption_Rule_1; Decision_CreditTransferExemption_Rule_3; Decision_GraduationEligibility_Rule_1; Decision_GraduationEligibility_Rule_2; Decision_GraduationEligibility_Rule_3; Decision_SummerSemesterRegistration_Rule_2; Decision_SummerSemesterRegistration_Rule_4
3,14,Decision_SummerSemesterRegistration_Rule_3,6,Decision_CourseReplacementEligibility_Rule_2; Decision_CreditTransferExemption_Rule_1; Decision_GraduationEligibility_Rule_2; Decision_GraduationEligibility_Rule_3; Decision_SummerSemesterRegistration_Rule_3; Decision_SummerSemesterRegistration_Rule_4
4,382,Decision_GradePointsAndInterpretation_Rule_2,10,Decision_AttendanceEligibility_Rule_2; Decision_CourseRegistrationEligibility_Rule_1; Decision_CourseReplacementEligibility_Rule_2; Decision_CreditTransferExemption_Rule_3; Decision_GradePointsAndInterpretation_Rule_2; Decision_GraduationEligibility_Rule_1; Decision_GraduationEligibility_Rule_2; Decision_GraduationEligibility_Rule_3; Decision_SummerSemesterRegistration_Rule_2; Decision_SummerSemesterRegistration_Rule_3
5,2077,Decision_GradePointsAndInterpretation_Rule_8,9,Decision_CourseRegistrationEligibility_Rule_1; Decision_CreditTransferExemption_Rule_2; Decision_CreditTransferExemption_Rule_3; Decision_GradePointsAndInterpretation_Rule_8; Decision_GraduationEligibility_Rule_1; Decision_GraduationEligibility_Rule_2; Decision_GraduationEligibility_Rule_3; Decision_SummerSemesterRegistration_Rule_2; Decision_SummerSemesterRegistration_Rule_4
6,2191,Decision_GradePointsAndInterpretation_Rule_5,11,Decision_AttendanceEligibility_Rule_2; Decision_CourseRegistrationEligibility_Rule_1; Decision_CourseReplacementEligibility_Rule_2; Decision_CreditTransferExemption_Rule_1; Decision_CreditTransferExemption_Rule_2; Decision_GradePointsAndInterpretation_Rule_5; Decision_GraduationEligibility_Rule_1; Decision_GraduationEligibility_Rule_2; Decision_GraduationEligibility_Rule_3; Decision_SummerSemesterRegistration_Rule_2; Decision_SummerSemesterRegistration_Rule_4
7,5560,Decision_GradePointsAndInterpretation_Rule_11,8,Decision_AttendanceEligibility_Rule_2; Decision_CourseRegistrationEligibility_Rule_1; Decision_CreditTransferExemption_Rule_2; Decision_CreditTransferExemption_Rule_3; Decision_GradePointsAndInterpretation_Rule_11; Decision_GraduationEligibility_Rule_2; Decision_GraduationEligibility_Rule_3; Decision_SummerSemesterRegistration_Rule_4
8,8491,Decision_GradePointsAndInterpretation_Rule_15,10,Decision_AttendanceEligibility_Rule_2; Decision_CourseRegistrationEligibility_Rule_1; Decision_CreditTransferExemption_Rule_2; Decision_CreditTransferExemption_Rule_3; Decision_GradePointsAndInterpretation_Rule_15; Decision_GraduationEligibility_Rule_1; Decision_GraduationEligibility_Rule_2; Decision_GraduationEligibility_Rule_3; Decision_SummerSemesterRegistration_Rule_2; Decision_SummerSemesterRegistration_Rule_4
9,19424,Decision_CourseReplacementEligibility_Rule_4; Decision_GradePointsAndInterpretation_Rule_12,8,Decision_AttendanceEligibility_Rule_2; Decision_CourseReplacementEligibility_Rule_2; Decision_CourseReplacementEligibility_Rule_4; Decision_CreditTransferExemption_Rule_2; Decision_GradePointsAndInterpretation_Rule_12; Decision_GraduationEligibility_Rule_2; Decision_GraduationEligibility_Rule_3; Decision_SummerSemesterRegistration_Rule_4
10,31014,Decision_GradePointsAndInterpretation_Rule_14,7,Decision_AttendanceEligibility_Rule_2; Decision_CourseRegistrationEligibility_Rule_1; Decision_CreditTransferExemption_Rule_3; Decision_GradePointsAndInterpretation_Rule_14; Decision_GraduationEligibility_Rule_2; Decision_GraduationEligibility_Rule_3; Decision_SummerSemesterRegistration_Rule_4
