pool_index,in_archive,in_final,archived_for_rules,final_positions,num_rules_verified,rules_verified
0,True,False,Decision_AgeingStatusChangeOrderAction_Rule_4; Decision_AgeingStepAdvancement_Rule_1; Decision_AgeingStepConfigValidation_Rule_1; Decision_AgeingStepConfigValidation_Rule_5; Decision_BlacklistFilterEnabled_Rule_1; Decision_CurrencyExchangeRateSource_Rule_2; Decision_CycleStartSource_Rule_1; Decision_InvoiceOverdue_Rule_1; Decision_TaxCalculationMode_Rule_1,,12,Decision_AgeingStatusChangeOrderAction_Rule_4; Decision_AgeingStepAdvancement_Rule_1; Decision_AgeingStepAdvancement_Rule_2; Decision_AgeingStepConfigValidation_Rule_1; Decision_BlacklistFilterEnabled_Rule_1; Decision_CurrencyExchangeRateSource_Rule_3; Decision_CycleStartSource_Rule_1; Decision_InvoiceOverdue_Rule_1; Decision_OrderPeriodAlreadyInvoiced_Rule_1; Decision_OrderPeriodAlreadyInvoiced_Rule_4; Decision_TaxCalculationMode_Rule_1; Decision_TaxCalculationNeeded_Rule_2
1,True,False,Decision_InvoiceOverdue_Rule_2,,15,Decision_AgeingStatusChangeOrderAction_Rule_4; Decision_AgeingStepAdvancement_Rule_1; Decision_AgeingStepAdvancement_Rule_2; Decision_AgeingStepConfigValidation_Rule_1; Decision_BlacklistFilterEnabled_Rule_1; Decision_CurrencyExchangeRateSource_Rule_2; Decision_CurrencyExchangeRateSource_Rule_3; Decision_CycleStartSource_Rule_1; Decision_CycleStartSource_Rule_2; Decision_CycleStartSource_Rule_3; Decision_InvoiceOverdue_Rule_1; Decision_OrderPeriodAlreadyInvoiced_Rule_1; Decision_OrderPeriodAlreadyInvoiced_Rule_2; Decision_TaxCalculationMode_Rule_1; Decision_TaxCalculationMode_Rule_2
2,True,False,Decision_AgeingStepAdvancement_Rule_2,,14,Decision_AgeingStatusChangeOrderAction_Rule_4; Decision_AgeingStepAdvancement_Rule_1; Decision_AgeingStepAdvancement_Rule_2; Decision_AgeingStepConfigValidation_Rule_1; Decision_BlacklistFilterEnabled_Rule_1; Decision_CurrencyExchangeRateSource_Rule_2; Decision_CurrencyExchangeRateSource_Rule_3; Decision_CycleStartSource_Rule_1; Decision_InvoiceOverdue_Rule_1; Decision_OrderPeriodAlreadyInvoiced_Rule_1; Decision_OrderPeriodAlreadyInvoiced_Rule_4; Decision_TaxCalculationMode_Rule_1; Decision_TaxCalculationMode_Rule_2; Decision_TaxCalculationNeeded_Rule_2
3,True,False,Decision_AgeingStepConfigValidation_Rule_2,,12,Decision_AgeingStatusChangeOrderAction_Rule_4; Decision_AgeingStepAdvancement_Rule_1; Decision_AgeingStepAdvancement_Rule_2; Decision_BlacklistFilterEnabled_Rule_1; Decision_CurrencyExchangeRateSource_Rule_2; Decision_CurrencyExchangeRateSource_Rule_3; Decision_CycleStartSource_Rule_1; Decision_InvoiceOverdue_Rule_1; Decision_OrderPeriodAlreadyInvoiced_Rule_1; Decision_OrderPeriodAlreadyInvoiced_Rule_4; Decision_TaxCalculationMode_Rule_1; Decision_TaxCalculationNeeded_Rule_2
4,True,False,Decision_CurrencyExchangeRateSource_Rule_3,,13,Decision_AgeingStatusChangeOrderAction_Rule_4; Decision_AgeingStepAdvancement_Rule_1; Decision_AgeingStepAdvancement_Rule_2; Decision_AgeingStepConfigValidation_Rule_1; Decision_BlacklistFilterEnabled_Rule_1; Decision_CurrencyExchangeRateSource_Rule_2; Decision_CurrencyExchangeRateSource_Rule_3; Decision_CycleStartSource_Rule_1; Decision_InvoiceOverdue_Rule_1; Decision_OrderPeriodAlreadyInvoiced_Rule_1; Decision_OrderPeriodAlreadyInvoiced_Rule_4; Decision_TaxCalculationMode_Rule_1; Decision_TaxCalculationNeeded_Rule_2
5,True,False,Decision_OrderPeriodAlreadyInvoiced_Rule_1,,12,Decision_AgeingStatusChangeOrderAction_Rule_4; Decision_AgeingStepAdvancement_Rule_1; Decision_AgeingStepAdvancement_Rule_2; Decision_AgeingStepConfigValidation_Rule_1; Decision_BlacklistFilterEnabled_Rule_1; Decision_CurrencyExchangeRateSource_Rule_3; Decision_CycleStartSource_Rule_1; Decision_InvoiceOverdue_Rule_1; Decision_OrderPeriodAlreadyInvoiced_Rule_1; Decision_OrderPeriodAlreadyInvoiced_Rule_4; Decision_TaxCalculationMode_Rule_1; Decision_TaxCalculationNeeded_Rule_2
6,True,False,Decision_OrderPeriodAlreadyInvoiced_Rule_2,,14,Decision_AgeingStatusChangeOrderAction_Rule_4; Decision_AgeingStepAdvancement_Rule_1; Decision_AgeingStepAdvancement_Rule_2; Decision_AgeingStepConfigValidation_Rule_1; Decision_BlacklistFilterEnabled_Rule_1; Decision_CurrencyExchangeRateSource_Rule_3; Decision_CycleStartSource_Rule_1; Decision_CycleStartSource_Rule_3; Decision_InvoiceOverdue_Rule_1; Decision_OrderPeriodAlreadyInvoiced_Rule_1; Decision_OrderPeriodAlreadyInvoiced_Rule_2; Decision_OrderPeriodAlreadyInvoiced_Rule_4; Decision_TaxCalculationMode_Rule_1; Decision_TaxCalculationNeeded_Rule_2
7,True,False,Decision_OrderPeriodAlreadyInvoiced_Rule_4,,13,Decision_AgeingStatusChangeOrderAction_Rule_4; Decision_AgeingStepAdvancement_Rule_1; Decision_AgeingStepAdvancement_Rule_2; Decision_AgeingStepConfigValidation_Rule_1; Decision_BlacklistFilterEnabled_Rule_1; Decision_CurrencyExchangeRateSource_Rule_3; Decision_CycleStartSource_Rule_1; Decision_CycleStartSource_Rule_3; Decision_InvoiceOverdue_Rule_1; Decision_OrderPeriodAlreadyInvoiced_Rule_1; Decision_OrderPeriodAlreadyInvoiced_Rule_2; Decision_OrderPeriodAlreadyInvoiced_Rule_4; Decision_TaxCalculationMode_Rule_1
8,True,False,Decision_CycleStartSource_Rule_2,,15,Decision_AgeingStatusChangeOrderAction_Rule_4; Decision_AgeingStepAdvancement_Rule_1; Decision_AgeingStepAdvancement_Rule_2; Decision_AgeingStepConfigValidation_Rule_1; Decision_BlacklistFilterEnabled_Rule_1; Decision_CurrencyExchangeRateSource_Rule_3; Decision_CycleStartSource_Rule_1; Decision_CycleStartSource_Rule_2; Decision_CycleStartSource_Rule_3; Decision_InvoiceOverdue_Rule_1; Decision_OrderPeriodAlreadyInvoiced_Rule_1; Decision_OrderPeriodAlreadyInvoiced_Rule_2; Decision_OrderPeriodAlreadyInvoiced_Rule_4; Decision_TaxCalculationMode_Rule_1; Decision_TaxCalculationNeeded_Rule_2
9,True,False,Decision_CycleStartSource_Rule_3,,14,Decision_AgeingStatusChangeOrderAction_Rule_4; Decision_AgeingStepAdvancement_Rule_1; Decision_AgeingStepAdvancement_Rule_2; Decision_AgeingStepConfigValidation_Rule_1; Decision_BlacklistFilterEnabled_Rule_1; Decision_CurrencyExchangeRateSource_Rule_3; Decision_CycleStartSource_Rule_1; Decision_CycleStartSource_Rule_3; Decision_InvoiceOverdue_Rule_1; Decision_OrderPeriodAlreadyInvoiced_Rule_1; Decision_OrderPeriodAlreadyInvoiced_Rule_2; Decision_OrderPeriodAlreadyInvoiced_Rule_4; Decision_TaxCalculationMode_Rule_1; Decision_TaxCalculationNeeded_Rule_2
10,True,False,Decision_TaxCalculationNeeded_Rule_2,,12,Decision_AgeingStatusChangeOrderAction_Rule_4; Decision_AgeingStepAdvancement_Rule_1; Decision_AgeingStepAdvancement_Rule_2; Decision_AgeingStepConfigValidation_Rule_1; Decision_BlacklistFilterEnabled_Rule_1; Decision_CurrencyExchangeRateSource_Rule_3; Decision_CycleStartSource_Rule_1; Decision_InvoiceOverdue_Rule_1; Decision_OrderPeriodAlreadyInvoiced_Rule_1; Decision_OrderPeriodAlreadyInvoiced_Rule_4; Decision_TaxCalculationMode_Rule_1; Decision_TaxCalculationNeeded_Rule_2
11,True,False,Decision_TaxCalculationMode_Rule_2,,13,Decision_AgeingStatusChangeOrderAction_Rule_4; Decision_AgeingStepAdvancement_Rule_1; Decision_AgeingStepAdvancement_Rule_2; Decision_AgeingStepConfigValidation_Rule_1; Decision_BlacklistFilterEnabled_Rule_1; Decision_CurrencyExchangeRateSource_Rule_3; Decision_CycleStartSource_Rule_1; Decision_InvoiceOverdue_Rule_1; Decision_OrderPeriodAlreadyInvoiced_Rule_1; Decision_OrderPeriodAlreadyInvoiced_Rule_4; Decision_TaxCalculationMode_Rule_1; Decision_TaxCalculationMode_Rule_2; Decision_TaxCalculationNeeded_Rule_2
12,False,True,,0,13,Decision_AgeingStatusChangeOrderAction_Rule_4; Decision_AgeingStepAdvancement_Rule_1; Decision_AgeingStepAdvancement_Rule_2; Decision_BlacklistFilterEnabled_Rule_1; Decision_CurrencyExchangeRateSource_Rule_3; Decision_CycleStartSource_Rule_1; Decision_CycleStartSource_Rule_3; Decision_InvoiceOverdue_Rule_1; Decision_OrderPeriodAlreadyInvoiced_Rule_1; Decision_OrderPeriodAlreadyInvoiced_Rule_2; Decision_TaxCalculationMode_Rule_1; Decision_TaxCalculationMode_Rule_2; Decision_TaxCalculationNeeded_Rule_2
13,False,True,,1,12,Decision_AgeingStatusChangeOrderAction_Rule_4; Decision_AgeingStepAdvancement_Rule_1; Decision_AgeingStepAdvancement_Rule_2; Decision_AgeingStepConfigValidation_Rule_1; Decision_BlacklistFilterEnabled_Rule_1; Decision_CurrencyExchangeRateSource_Rule_3; Decision_CycleStartSource_Rule_1; Decision_CycleStartSource_Rule_3; Decision_InvoiceOverdue_Rule_1; Decision_OrderPeriodAlreadyInvoiced_Rule_1; Decision_OrderPeriodAlreadyInvoiced_Rule_2; Decision_TaxCalculationMode_Rule_2
14,False,True,,2,15,Decision_AgeingStatusChangeOrderAction_Rule_4; Decision_AgeingStepAdvancement_Rule_1; Decision_AgeingStepAdvancement_Rule_2; Decision_AgeingStepConfigValidation_Rule_1; Decision_BlacklistFilterEnabled_Rule_1; Decision_CurrencyExchangeRateSource_Rule_2; Decision_CurrencyExchangeRateSource_Rule_3; Decision_CycleStartSource_Rule_1; Decision_CycleStartSource_Rule_2; Decision_CycleStartSource_Rule_3; Decision_InvoiceOverdue_Rule_1; Decision_OrderPeriodAlreadyInvoiced_Rule_1; Decision_OrderPeriodAlreadyInvoiced_Rule_2; Decision_OrderPeriodAlreadyInvoiced_Rule_4; Decision_TaxCalculationMode_Rule_1
15,False,True,,3,15,Decision_AgeingStatusChangeOrderAction_Rule_4; Decision_AgeingStepAdvancement_Rule_1; Decision_AgeingStepAdvancement_Rule_2; Decision_AgeingStepConfigValidation_Rule_1; Decision_BlacklistFilterEnabled_Rule_1; Decision_CurrencyExchangeRateSource_Rule_2; Decision_CurrencyExchangeRateSource_Rule_3; Decision_CycleStartSource_Rule_1; Decision_CycleStartSource_Rule_3; Decision_InvoiceOverdue_Rule_1; Decision_OrderPeriodAlreadyInvoiced_Rule_1; Decision_OrderPeriodAlreadyInvoiced_Rule_2; Decision_TaxCalculationMode_Rule_1; Decision_TaxCalculationMode_Rule_2; Decision_TaxCalculationNeeded_Rule_2
16,False,True,,4,14,Decision_AgeingStatusChangeOrderAction_Rule_4; Decision_AgeingStepAdvancement_Rule_1; Decision_AgeingStepAdvancement_Rule_2; Decision_AgeingStepConfigValidation_Rule_1; Decision_BlacklistFilterEnabled_Rule_1; Decision_CurrencyExchangeRateSource_Rule_2; Decision_CurrencyExchangeRateSource_Rule_3; Decision_CycleStartSource_Rule_1; Decision_CycleStartSource_Rule_3; Decision_InvoiceOverdue_Rule_1; Decision_OrderPeriodAlreadyInvoiced_Rule_1; Decision_OrderPeriodAlreadyInvoiced_Rule_2; Decision_TaxCalculationMode_Rule_1; Decision_TaxCalculationMode_Rule_2
17,False,True,,5,15,Decision_AgeingStatusChangeOrderAction_Rule_4; Decision_AgeingStepAdvancement_Rule_1; Decision_AgeingStepAdvancement_Rule_2; Decision_AgeingStepConfigValidation_Rule_1; Decision_BlacklistFilterEnabled_Rule_1; Decision_CurrencyExchangeRateSource_Rule_2; Decision_CurrencyExchangeRateSource_Rule_3; Decision_CycleStartSource_Rule_1; Decision_CycleStartSource_Rule_2; Decision_CycleStartSource_Rule_3; Decision_InvoiceOverdue_Rule_1; Decision_OrderPeriodAlreadyInvoiced_Rule_1; Decision_OrderPeriodAlreadyInvoiced_Rule_2; Decision_TaxCalculationMode_Rule_2; Decision_TaxCalculationNeeded_Rule_2
18,False,True,,6,15,Decision_AgeingStatusChangeOrderAction_Rule_4; Decision_AgeingStepAdvancement_Rule_1; Decision_AgeingStepAdvancement_Rule_2; Decision_AgeingStepConfigValidation_Rule_1; Decision_BlacklistFilterEnabled_Rule_1; Decision_CurrencyExchangeRateSource_Rule_2; Decision_CurrencyExchangeRateSource_Rule_3; Decision_CycleStartSource_Rule_1; Decision_CycleStartSource_Rule_2; Decision_CycleStartSource_Rule_3; Decision_InvoiceOverdue_Rule_1; Decision_OrderPeriodAlreadyInvoiced_Rule_1; Decision_OrderPeriodAlreadyInvoiced_Rule_2; Decision_TaxCalculationMode_Rule_1; Decision_TaxCalculationMode_Rule_2
19,False,True,,7,14,Decision_AgeingStatusChangeOrderAction_Rule_4; Decision_AgeingStepAdvancement_Rule_1; Decision_AgeingStepAdvancement_Rule_2; Decision_AgeingStepConfigValidation_Rule_1; Decision_BlacklistFilterEnabled_Rule_1; Decision_CurrencyExchangeRateSource_Rule_3; Decision_CycleStartSource_Rule_1; Decision_CycleStartSource_Rule_3; Decision_InvoiceOverdue_Rule_1; Decision_OrderPeriodAlreadyInvoiced_Rule_1; Decision_OrderPeriodAlreadyInvoiced_Rule_2; Decision_OrderPeriodAlreadyInvoiced_Rule_4; Decision_TaxCalculationMode_Rule_1; Decision_TaxCalculationMode_Rule_2
20,False,True,,8,14,Decision_AgeingStatusChangeOrderAction_Rule_4; Decision_AgeingStepAdvancement_Rule_1; Decision_AgeingStepAdvancement_Rule_2; Decision_BlacklistFilterEnabled_Rule_1; Decision_CurrencyExchangeRateSource_Rule_2; Decision_CurrencyExchangeRateSource_Rule_3; Decision_CycleStartSource_Rule_1; Decision_CycleStartSource_Rule_2; Decision_CycleStartSource_Rule_3; Decision_InvoiceOverdue_Rule_1; Decision_OrderPeriodAlreadyInvoiced_Rule_1; Decision_OrderPeriodAlreadyInvoiced_Rule_2; Decision_TaxCalculationMode_Rule_1; Decision_TaxCalculationMode_Rule_2
21,False,True,,9,13,Decision_AgeingStatusChangeOrderAction_Rule_4; Decision_AgeingStepAdvancement_Rule_1; Decision_AgeingStepAdvancement_Rule_2; Decision_BlacklistFilterEnabled_Rule_1; Decision_CurrencyExchangeRateSource_Rule_3; Decision_CycleStartSource_Rule_1; Decision_CycleStartSource_Rule_3; Decision_InvoiceOverdue_Rule_1; Decision_OrderPeriodAlreadyInvoiced_Rule_1; Decision_OrderPeriodAlreadyInvoiced_Rule_2; Decision_OrderPeriodAlreadyInvoiced_Rule_4; Decision_TaxCalculationMode_Rule_1; Decision_TaxCalculationMode_Rule_2
22,False,True,,10,14,Decision_AgeingStatusChangeOrderAction_Rule_4; Decision_AgeingStepAdvancement_Rule_1; Decision_AgeingStepAdvancement_Rule_2; Decision_BlacklistFilterEnabled_Rule_1; Decision_CurrencyExchangeRateSource_Rule_2; Decision_CurrencyExchangeRateSource_Rule_3; Decision_CycleStartSource_Rule_1; Decision_CycleStartSource_Rule_2; Decision_CycleStartSource_Rule_3; Decision_InvoiceOverdue_Rule_1; Decision_OrderPeriodAlreadyInvoiced_Rule_1; Decision_OrderPeriodAlreadyInvoiced_Rule_2; Decision_TaxCalculationMode_Rule_2; Decision_TaxCalculationNeeded_Rule_2
23,False,True,,11,14,Decision_AgeingStatusChangeOrderAction_Rule_4; Decision_AgeingStepAdvancement_Rule_1; Decision_AgeingStepAdvancement_Rule_2; Decision_AgeingStepConfigValidation_Rule_1; Decision_BlacklistFilterEnabled_Rule_1; Decision_CurrencyExchangeRateSource_Rule_2; Decision_CurrencyExchangeRateSource_Rule_3; Decision_CycleStartSource_Rule_1; Decision_CycleStartSource_Rule_3; Decision_InvoiceOverdue_Rule_1; Decision_OrderPeriodAlreadyInvoiced_Rule_1; Decision_OrderPeriodAlreadyInvoiced_Rule_2; Decision_TaxCalculationMode_Rule_1; Decision_TaxCalculationMode_Rule_2
24,False,True,,12,14,Decision_AgeingStatusChangeOrderAction_Rule_4; Decision_AgeingStepAdvancement_Rule_1; Decision_AgeingStepAdvancement_Rule_2; Decision_AgeingStepConfigValidation_Rule_1; Decision_BlacklistFilterEnabled_Rule_1; Decision_CurrencyExchangeRateSource_Rule_3; Decision_CycleStartSource_Rule_1; Decision_CycleStartSource_Rule_2; Decision_CycleStartSource_Rule_3; Decision_InvoiceOverdue_Rule_1; Decision_OrderPeriodAlreadyInvoiced_Rule_1; Decision_OrderPeriodAlreadyInvoiced_Rule_2; Decision_TaxCalculationMode_Rule_1; Decision_TaxCalculationMode_Rule_2
25,False,True,,13,15,Decision_AgeingStatusChangeOrderAction_Rule_4; Decision_AgeingStepAdvancement_Rule_1; Decision_AgeingStepAdvancement_Rule_2; Decision_BlacklistFilterEnabled_Rule_1; Decision_CurrencyExchangeRateSource_Rule_2; Decision_CurrencyExchangeRateSource_Rule_3; Decision_CycleStartSource_Rule_1; Decision_CycleStartSource_Rule_3; Decision_InvoiceOverdue_Rule_1; Decision_OrderPeriodAlreadyInvoiced_Rule_1; Decision_OrderPeriodAlreadyInvoiced_Rule_2; Decision_OrderPeriodAlreadyInvoiced_Rule_4; Decision_TaxCalculationMode_Rule_1; Decision_TaxCalculationMode_Rule_2; Decision_TaxCalculationNeeded_Rule_2
26,False,True,,14,15,Decision_AgeingStatusChangeOrderAction_Rule_4; Decision_AgeingStepAdvancement_Rule_1; Decision_AgeingStepAdvancement_Rule_2; Decision_AgeingStepConfigValidation_Rule_1; Decision_BlacklistFilterEnabled_Rule_1; Decision_CurrencyExchangeRateSource_Rule_3; Decision_CycleStartSource_Rule_1; Decision_CycleStartSource_Rule_2; Decision_CycleStartSource_Rule_3; Decision_InvoiceOverdue_Rule_1; Decision_OrderPeriodAlreadyInvoiced_Rule_1; Decision_OrderPeriodAlreadyInvoiced_Rule_2; Decision_TaxCalculationMode_Rule_1; Decision_TaxCalculationMode_Rule_2; Decision_TaxCalculationNeeded_Rule_2
27,False,True,,15,15,Decision_AgeingStatusChangeOrderAction_Rule_4; Decision_AgeingStepAdvancement_Rule_1; Decision_AgeingStepAdvancement_Rule_2; Decision_AgeingStepConfigValidation_Rule_1; Decision_BlacklistFilterEnabled_Rule_1; Decision_CurrencyExchangeRateSource_Rule_3; Decision_CycleStartSource_Rule_1; Decision_CycleStartSource_Rule_3; Decision_InvoiceOverdue_Rule_1; Decision_OrderPeriodAlreadyInvoiced_Rule_1; Decision_OrderPeriodAlreadyInvoiced_Rule_2; Decision_OrderPeriodAlreadyInvoiced_Rule_4; Decision_TaxCalculationMode_Rule_1; Decision_TaxCalculationMode_Rule_2; Decision_TaxCalculationNeeded_Rule_2
28,False,True,,16,16,Decision_AgeingStatusChangeOrderAction_Rule_4; Decision_AgeingStepAdvancement_Rule_1; Decision_AgeingStepAdvancement_Rule_2; Decision_AgeingStepConfigValidation_Rule_1; Decision_BlacklistFilterEnabled_Rule_1; Decision_CurrencyExchangeRateSource_Rule_2; Decision_CurrencyExchangeRateSource_Rule_3; Decision_CycleStartSource_Rule_1; Decision_CycleStartSource_Rule_3; Decision_InvoiceOverdue_Rule_1; Decision_OrderPeriodAlreadyInvoiced_Rule_1; Decision_OrderPeriodAlreadyInvoiced_Rule_2; Decision_OrderPeriodAlreadyInvoiced_Rule_4; Decision_TaxCalculationMode_Rule_1; Decision_TaxCalculationMode_Rule_2; Decision_TaxCalculationNeeded_Rule_2
29,False,True,,17,13,Decision_AgeingStatusChangeOrderAction_Rule_4; Decision_AgeingStepAdvancement_Rule_1; Decision_AgeingStepAdvancement_Rule_2; Decision_AgeingStepConfigValidation_Rule_1; Decision_BlacklistFilterEnabled_Rule_1; Decision_CurrencyExchangeRateSource_Rule_3; Decision_CycleStartSource_Rule_1; Decision_CycleStartSource_Rule_3; Decision_InvoiceOverdue_Rule_1; Decision_OrderPeriodAlreadyInvoiced_Rule_1; Decision_OrderPeriodAlreadyInvoiced_Rule_2; Decision_OrderPeriodAlreadyInvoiced_Rule_4; Decision_TaxCalculationMode_Rule_1
30,False,True,,18,14,Decision_AgeingStatusChangeOrderAction_Rule_4; Decision_AgeingStepAdvancement_Rule_1; Decision_AgeingStepAdvancement_Rule_2; Decision_AgeingStepConfigValidation_Rule_1; Decision_BlacklistFilterEnabled_Rule_1; Decision_CurrencyExchangeRateSource_Rule_2; Decision_CurrencyExchangeRateSource_Rule_3; Decision_CycleStartSource_Rule_1; Decision_CycleStartSource_Rule_2; Decision_CycleStartSource_Rule_3; Decision_InvoiceOverdue_Rule_1; Decision_OrderPeriodAlreadyInvoiced_Rule_1; Decision_OrderPeriodAlreadyInvoiced_Rule_2; Decision_TaxCalculationMode_Rule_1
31,False,True,,19,17,Decision_AgeingStatusChangeOrderAction_Rule_4; Decision_AgeingStepAdvancement_Rule_1; Decision_AgeingStepAdvancement_Rule_2; Decision_AgeingStepConfigValidation_Rule_1; Decision_BlacklistFilterEnabled_Rule_1; Decision_CurrencyExchangeRateSource_Rule_2; Decision_CurrencyExchangeRateSource_Rule_3; Decision_CycleStartSource_Rule_1; Decision_CycleStartSource_Rule_2; Decision_CycleStartSource_Rule_3; Decision_InvoiceOverdue_Rule_1; Decision_OrderPeriodAlreadyInvoiced_Rule_1; Decision_OrderPeriodAlreadyInvoiced_Rule_2; Decision_OrderPeriodAlreadyInvoiced_Rule_4; Decision_TaxCalculationMode_Rule_1; Decision_TaxCalculationMode_Rule_2; Decision_TaxCalculationNeeded_Rule_2
32,False,True,,20,13,Decision_AgeingStatusChangeOrderAction_Rule_4; Decision_AgeingStepAdvancement_Rule_1; Decision_AgeingStepAdvancement_Rule_2; Decision_AgeingStepConfigValidation_Rule_1; Decision_BlacklistFilterEnabled_Rule_1; Decision_CurrencyExchangeRateSource_Rule_3; Decision_CycleStartSource_Rule_1; Decision_CycleStartSource_Rule_3; Decision_InvoiceOverdue_Rule_1; Decision_OrderPeriodAlreadyInvoiced_Rule_1; Decision_OrderPeriodAlreadyInvoiced_Rule_2; Decision_TaxCalculationMode_Rule_1; Decision_TaxCalculationNeeded_Rule_2
33,False,True,,21,13,Decision_AgeingStatusChangeOrderAction_Rule_4; Decision_AgeingStepAdvancement_Rule_1; Decision_AgeingStepAdvancement_Rule_2; Decision_BlacklistFilterEnabled_Rule_1; Decision_CurrencyExchangeRateSource_Rule_2; Decision_CurrencyExchangeRateSource_Rule_3; Decision_CycleStartSource_Rule_1; Decision_CycleStartSource_Rule_2; Decision_CycleStartSource_Rule_3; Decision_InvoiceOverdue_Rule_1; Decision_OrderPeriodAlreadyInvoiced_Rule_1; Decision_OrderPeriodAlreadyInvoiced_Rule_2; Decision_TaxCalculationMode_Rule_1
34,False,True,,22,14,Decision_AgeingStatusChangeOrderAction_Rule_4; Decision_AgeingStepAdvancement_Rule_1; Decision_AgeingStepAdvancement_Rule_2; Decision_AgeingStepConfigValidation_Rule_1; Decision_BlacklistFilterEnabled_Rule_1; Decision_CurrencyExchangeRateSource_Rule_3; Decision_CycleStartSource_Rule_1; Decision_CycleStartSource_Rule_3; Decision_InvoiceOverdue_Rule_1; Decision_OrderPeriodAlreadyInvoiced_Rule_1; Decision_OrderPeriodAlreadyInvoiced_Rule_2; Decision_TaxCalculationMode_Rule_1; Decision_TaxCalculationMode_Rule_2; Decision_TaxCalculationNeeded_Rule_2
35,False,True,,23,15,Decision_AgeingStatusChangeOrderAction_Rule_4; Decision_AgeingStepAdvancement_Rule_1; Decision_AgeingStepAdvancement_Rule_2; Decision_AgeingStepConfigValidation_Rule_1; Decision_BlacklistFilterEnabled_Rule_1; Decision_CurrencyExchangeRateSource_Rule_2; Decision_CurrencyExchangeRateSource_Rule_3; Decision_CycleStartSource_Rule_1; Decision_CycleStartSource_Rule_3; Decision_InvoiceOverdue_Rule_1; Decision_OrderPeriodAlreadyInvoiced_Rule_1; Decision_OrderPeriodAlreadyInvoiced_Rule_2; Decision_TaxCalculationMode_Rule_1; Decision_TaxCalculationMode_Rule_2; Decision_TaxCalculationNeeded_Rule_2
36,False,True,,24,13,Decision_AgeingStatusChangeOrderAction_Rule_4; Decision_AgeingStepAdvancement_Rule_1; Decision_AgeingStepAdvancement_Rule_2; Decision_AgeingStepConfigValidation_Rule_1; Decision_BlacklistFilterEnabled_Rule_1; Decision_CurrencyExchangeRateSource_Rule_3; Decision_CycleStartSource_Rule_1; Decision_CycleStartSource_Rule_3; Decision_InvoiceOverdue_Rule_1; Decision_OrderPeriodAlreadyInvoiced_Rule_1; Decision_OrderPeriodAlreadyInvoiced_Rule_2; Decision_TaxCalculationMode_Rule_2; Decision_TaxCalculationNeeded_Rule_2
37,False,True,,25,12,Decision_AgeingStatusChangeOrderAction_Rule_4; Decision_AgeingStepAdvancement_Rule_1; Decision_AgeingStepAdvancement_Rule_2; Decision_BlacklistFilterEnabled_Rule_1; Decision_CurrencyExchangeRateSource_Rule_3; Decision_CycleStartSource_Rule_1; Decision_CycleStartSource_Rule_3; Decision_InvoiceOverdue_Rule_1; Decision_OrderPeriodAlreadyInvoiced_Rule_1; Decision_OrderPeriodAlreadyInvoiced_Rule_2; Decision_TaxCalculationMode_Rule_1; Decision_TaxCalculationMode_Rule_2
38,False,True,,26,16,Decision_AgeingStatusChangeOrderAction_Rule_4; Decision_AgeingStepAdvancement_Rule_1; Decision_AgeingStepAdvancement_Rule_2; Decision_AgeingStepConfigValidation_Rule_1; Decision_BlacklistFilterEnabled_Rule_1; Decision_CurrencyExchangeRateSource_Rule_2; Decision_CurrencyExchangeRateSource_Rule_3; Decision_CycleStartSource_Rule_1; Decision_CycleStartSource_Rule_2; Decision_CycleStartSource_Rule_3; Decision_InvoiceOverdue_Rule_1; Decision_OrderPeriodAlreadyInvoiced_Rule_1; Decision_OrderPeriodAlreadyInvoiced_Rule_2; Decision_TaxCalculationMode_Rule_1; Decision_TaxCalculationMode_Rule_2; Decision_TaxCalculationNeeded_Rule_2
39,False,True,,27,14,Decision_AgeingStatusChangeOrderAction_Rule_4; Decision_AgeingStepAdvancement_Rule_1; Decision_AgeingStepAdvancement_Rule_2; Decision_BlacklistFilterEnabled_Rule_1; Decision_CurrencyExchangeRateSource_Rule_2; Decision_CurrencyExchangeRateSource_Rule_3; Decision_CycleStartSource_Rule_1; Decision_CycleStartSource_Rule_3; Decision_InvoiceOverdue_Rule_1; Decision_OrderPeriodAlreadyInvoiced_Rule_1; Decision_OrderPeriodAlreadyInvoiced_Rule_2; Decision_TaxCalculationMode_Rule_1; Decision_TaxCalculationMode_Rule_2; Decision_TaxCalculationNeeded_Rule_2
40,False,True,,28,13,Decision_AgeingStatusChangeOrderAction_Rule_4; Decision_AgeingStepAdvancement_Rule_1; Decision_AgeingStepAdvancement_Rule_2; Decision_AgeingStepConfigValidation_Rule_1; Decision_BlacklistFilterEnabled_Rule_1; Decision_CurrencyExchangeRateSource_Rule_2; Decision_CurrencyExchangeRateSource_Rule_3; Decision_CycleStartSource_Rule_1; Decision_CycleStartSource_Rule_2; Decision_InvoiceOverdue_Rule_1; Decision_OrderPeriodAlreadyInvoiced_Rule_1; Decision_OrderPeriodAlreadyInvoiced_Rule_2; Decision_TaxCalculationMode_Rule_2
41,False,True,,29,15,Decision_AgeingStatusChangeOrderAction_Rule_4; Decision_AgeingStepAdvancement_Rule_1; Decision_AgeingStepAdvancement_Rule_2; Decision_AgeingStepConfigValidation_Rule_1; Decision_BlacklistFilterEnabled_Rule_1; Decision_CurrencyExchangeRateSource_Rule_2; Decision_CurrencyExchangeRateSource_Rule_3; Decision_CycleStartSource_Rule_1; Decision_CycleStartSource_Rule_2; Decision_CycleStartSource_Rule_3; Decision_InvoiceOverdue_Rule_1; Decision_OrderPeriodAlreadyInvoiced_Rule_1; Decision_OrderPeriodAlreadyInvoiced_Rule_2; Decision_TaxCalculationMode_Rule_1; Decision_TaxCalculationMode_Rule_2
